id,domain,status,purchase_price,renewal_price,attractiveness,demand,length,registrar,created_at,expires_at,status_verified_at
0a2ea89c-424b-4923-a21f-d93ad598da7f,coleoptera.fun,available,1.73,31.25,medium,low,10,spaceship,,,02/10/2026 04:24
50a21f54-20e5-4ade-9563-dee7aa0d16b3,unpainted.fun,available,2.99,41.99,medium,low,9,namesilo,,,12/09/2026 16:25
33fc9cde-7683-4ac0-8e4c-62b5a2883169,superbug.fun,premium,302.5,302.5,medium,low,8,namesilo,,,23/09/2026 07:17
2f79da73-006e-4428-9d79-b87ce163d0a2,wilton.fun,premium,250.2,,high,low,6,unstoppable,,,30/09/2026 19:06
4867e05f-8e6e-43cc-a065-608d74061764,specific.fun,premium,640,640,high,low,8,namesilo,,,27/09/2026 02:45
70e4b9b4-b123-4773-8031-dd0b8fa0fed6,weapon.fun,premium,81.25,325,high,low,6,namecheap,,,25/09/2026 10:57
a65a654d-a6bc-4cd5-808b-8b714fe10a73,apostles.fun,available,2.99,41.99,medium,low,8,namesilo,,,01/10/2026 15:28
892537fb-fba2-4755-b5b5-063436ee4897,artemia.fun,premium,302.5,302.5,medium,low,7,namesilo,,,20/09/2026 10:09
1ef90562-85b3-4307-bbdc-09ecb854123f,dorothy.fun,premium,1107,1107,medium,low,7,namesilo,,,25/09/2026 14:18
8420beb0-fe41-4b98-8dd6-9e4797a10e06,schoenberg.fun,premium,302.5,302.5,high,low,10,namesilo,,,20/09/2026 08:21
410210a5-4738-4f96-88bd-06072b0f26c5,ltd.fun,premium,1107,1107,high,low,3,namesilo,,,25/09/2026 11:58
97b017d6-4647-41d1-a1c4-52eaea07c2a6,strained.fun,available,3.98,33.48,high,low,8,namecheap,,,23/09/2026 21:17
f7814e01-6408-4adb-b7eb-ad2a93f34f92,bacitracin.fun,available,2.99,41.99,medium,low,10,namesilo,,,21/09/2026 14:25
e032a9fa-41f1-4101-aeba-eb1aa17ee0ca,usa.fun,premium,1562.5,,high,medium,3,name.com,,,28/09/2026 20:55
11401af3-625d-4ff5-854e-5fce0937ac59,brooding.fun,resell,,,medium,low,8,"WEDOS Internet, a.s.",12/03/2026 22:04,12/03/2027 23:59,26/09/2026 04:38
823cc637-7912-405c-82a2-78d5c673f51d,bantu.fun,premium,78.12,312.5,medium,low,5,name.com,,,08/08/2026 14:50
e0502293-ee7d-4a02-aa45-f6e6d0496d60,boltzmann.fun,available,4.99,30.2,medium,low,9,cloudflare,,,30/09/2026 08:42
c4cde1bb-7ed3-40c4-808c-0e425e1450d3,antagonist.fun,available,2.99,41.99,high,low,10,namesilo,,,17/09/2026 10:48
e0d50a2a-2e3b-4f37-a67d-61c69e2fad93,wilberforce.fun,available,1.73,31.25,medium,low,11,spaceship,,,30/09/2026 05:04
ff3e16c2-a75b-480d-bb12-ca789283c73d,alienating.fun,available,2.99,41.99,medium,low,10,namesilo,,,
ce6adf39-5a46-4153-9746-b6dd480c7b42,professor.fun,premium,258.95,1035.2,high,low,9,spaceship,,,30/09/2026 07:31
dc98c6eb-6e37-41b9-b93c-0542edcebfda,imminent.fun,available,3.98,33.48,medium,low,8,namecheap,,,21/08/2026 20:55
e30e82be-9181-489b-b005-3886c3e0672f,curvey.fun,available,2.99,41.99,medium,low,6,namesilo,,,13/08/2026 11:51
d6efa6e3-cb69-4f65-8efa-66dd812ba5d4,aisne.fun,available,3,,medium,low,5,unstoppable,,,02/10/2026 20:10
674d8e06-2497-42d4-ae3b-270b56d60d86,duodenal.fun,available,3.98,33.48,medium,low,8,namecheap,,,14/08/2026 21:21
b73fa282-14af-4124-aba0-eca316a51326,verified.fun,premium,1625,6500,high,medium,8,namecheap,,,13/09/2026 02:25
61e6797c-6da4-4008-978f-79bba8601f42,anseres.fun,premium,302.5,302.5,medium,low,7,namesilo,,,19/09/2026 12:08
bcf276cb-7879-42f6-af72-c719aa5346d3,slippered.fun,available,2.99,41.99,medium,low,9,namesilo,,,10/09/2026 10:59
d7e34973-a0ba-49f2-9363-aca971cfd522,standardised.fun,premium,64.89,258.95,medium,low,12,spaceship,,,02/10/2026 03:58
2b63d785-31d1-4085-96e9-9d30c14dcd09,adroitly.fun,available,2.99,41.99,medium,low,8,namesilo,,,13/09/2026 17:25
b31ec109-cf8f-48c3-a651-e4ba573bd120,uncaring.fun,available,2.99,41.99,medium,low,8,namesilo,,,12/09/2026 00:02
6dc5d1a1-9254-43ce-86f9-3aabc45c5392,shareholding.fun,premium,250.2,,medium,low,12,unstoppable,,,02/10/2026 12:16
485df893-4ec6-4e88-9635-20605f59047c,cardwell.fun,available,3.98,33.48,medium,low,8,namecheap,,,02/10/2026 00:42
15226207-e43c-4be9-ae17-0a7ea8716411,dwarfs.fun,premium,,,medium,low,6,,,,02/10/2026 13:04
53d0a043-0d51-4191-85a6-b10e8e1fe70f,maintains.fun,available,2.99,41.99,medium,low,9,namesilo,,,30/09/2026 07:23
d3ef9c7c-a814-4dbd-a6a2-a2cf2a035231,accoutered.fun,available,2.99,41.99,medium,low,10,namesilo,,,
77930525-4da5-4bf2-8b88-4e14a572ea73,probative.fun,available,2.99,41.99,medium,low,9,namesilo,,,09/09/2026 02:27
215364a2-e9f3-471b-989a-9f1349b47251,pernicious.fun,available,2.99,41.99,medium,low,10,namesilo,,,08/08/2026 12:01
e8dde85d-cee0-4fa6-93b6-4ee02db52d8c,generator.fun,premium,1000.2,,high,low,9,unstoppable,,,28/09/2026 01:59
8db32c76-4154-4e99-a7b9-b25e78312031,sprigged.fun,available,2.99,41.99,low,low,8,namesilo,,,10/09/2026 16:47
09ce1a5a-27d3-4428-8e75-c1b194cd422f,anticipated.fun,premium,78.12,312.5,high,low,11,name.com,,,08/09/2026 14:34
8121ccfd-f13f-404a-bae8-7b62c6b4ed3f,golgi.fun,premium,302.5,302.5,high,low,5,namesilo,,,30/09/2026 00:57
524a56a9-e708-4107-8cf4-3351e59ccada,news.fun,premium,2587.7,10350.2,high,medium,4,spaceship,,,01/10/2026 16:32
ce9a7f4f-5840-4f74-8f69-5c41e2c6be92,crummy.fun,premium,78.12,312.5,medium,low,6,name.com,,,11/08/2026 09:02
03447fdc-41ca-40bb-8fa3-7270eb17612d,scapegrace.fun,available,2.99,41.99,medium,low,10,namesilo,,,24/09/2026 01:41
bd18d95a-d876-4d08-85da-7bc3eda52619,bellingham.fun,premium,302.5,302.5,high,low,10,namesilo,,,23/09/2026 06:12
a4b99961-4e37-498a-bcf3-b22cce2e306b,receptors.fun,premium,68.75,273.44,medium,low,9,porkbun,,,01/10/2026 18:02
e4980687-8e57-425d-8fcf-3e5db7046d2b,belch.fun,premium,81.25,325,medium,low,5,namecheap,,,23/09/2026 04:34
3ea881ed-ef0d-441b-b7d3-1cc31a9a4e2d,bryn.fun,premium,302.5,302.5,medium,low,4,namesilo,,,28/09/2026 07:45
1110ea5b-2013-4338-81cf-dd69d3a0effd,amylaceous.fun,available,2.99,41.99,medium,low,10,namesilo,,,
2761efa5-71a7-4963-a814-a3ceda2a65ec,commented.fun,available,2.99,41.99,medium,low,9,namesilo,,,18/09/2026 23:19
c14b097a-2999-4af2-8a7d-5ba4dffffcda,bogue.fun,available,2.99,41.99,medium,low,5,namesilo,,,03/10/2026 03:42
8e18f6b2-24df-40a9-8ff3-6afaf6cad4b4,abo.fun,premium,156.25,625,high,low,3,name.com,,,
aa6cf6e8-ae82-4f29-8e06-0ada05083d44,bequest.fun,premium,81.25,325,high,low,7,namecheap,,,23/09/2026 09:04
28d9924f-d5fc-4d47-9f43-baf21bc27959,pyogenic.fun,available,2.99,41.99,high,medium,8,namesilo,,,09/09/2026 06:54
8dbfb5e4-0073-42c4-bf45-6e4bd6b31b45,wingless.fun,premium,78.12,312.5,medium,low,8,name.com,,,13/09/2026 12:31
c63ba076-ff53-4d13-95ca-a42150780cd3,highway.fun,resell,,,high,low,7,Alibaba Cloud Computing Ltd. d/b/a HiChina (www.net.cn),15/12/2024 00:51,15/12/2034 23:59,29/09/2026 22:47
7dc575f0-baa5-49ed-a3ed-b5ad3e532d97,talismanic.fun,available,2.99,41.99,medium,low,10,namesilo,,,11/09/2026 07:30
4e5148d0-5dee-463e-89ce-316576dea969,readably.fun,available,2.99,41.99,medium,low,8,namesilo,,,14/09/2026 11:08
dfc80d85-9f6e-4e38-a262-7f0580094748,revered.fun,premium,68.75,275,high,low,7,dynadot,,,27/09/2026 14:02
d09825bd-0be6-4e8e-902f-d908fd57af6c,liquors.fun,premium,302.5,302.5,medium,low,7,namesilo,,,20/09/2026 06:24
535502aa-812a-4d28-9623-6af288037e86,bahia.fun,premium,302.5,302.5,medium,low,5,namesilo,,,27/09/2026 18:32
8bead8e6-c2cd-4aa6-85bc-dcfb28a11f41,eglinton.fun,available,1.73,31.25,medium,low,8,spaceship,,,02/10/2026 21:03
e8cee4b9-13a7-41e0-89e9-f36132abedfb,unmade.fun,available,2.99,41.99,medium,low,6,namesilo,,,12/09/2026 15:15
6d517545-cf41-4221-8e9f-e90f0df7f827,combustive.fun,premium,78.12,312.5,low,low,10,name.com,,,12/08/2026 18:42
757273b0-a8ab-47cf-b811-897deacec3c7,santa.fun,premium,1293.95,5175.2,high,low,5,spaceship,,,29/09/2026 19:01
7bd4380d-095c-40e7-9211-506a1e45e7ac,funnel.fun,premium,,,high,low,6,,,,29/09/2026 12:26
6b62d41c-9ad1-4b23-9fba-c3554a14fb96,landlord.fun,premium,2500.2,,high,low,8,unstoppable,,,28/09/2026 02:14
941a1d94-3cf2-4de8-91e5-e1f725244c20,sitka.fun,premium,64.89,258.95,medium,low,5,spaceship,,,29/09/2026 20:23
2e93e9a1-f10b-4ae6-98ab-92b04cee0971,maimonides.fun,premium,64.89,258.95,medium,low,10,spaceship,,,29/09/2026 13:20
29c2bfed-466a-4bdf-a079-5c16d05d11ca,rigorously.fun,available,2.99,41.99,medium,low,10,namesilo,,,15/09/2026 23:46
3befc117-11b6-4630-bb4a-4f8491f6f499,mirror.fun,premium,3125,,high,low,6,name.com,,,30/09/2026 04:41
2cc3b4c9-3527-44b6-a641-3e2571b14c45,comte.fun,premium,302.5,302.5,high,low,5,namesilo,,,21/09/2026 03:56
9dba0f59-3bf9-4410-ae68-d231cc720515,senior.fun,premium,1107,1107,high,low,6,namesilo,,,21/09/2026 22:36
b5f2337b-583a-47b4-b6fe-d81f1f084d0d,reporter.fun,premium,6900,6900,high,low,8,namesilo,,,25/09/2026 09:33
d05f9e29-db06-4b22-a35d-99c892dcce36,anthesis.fun,available,2.99,41.99,high,low,8,namesilo,,,18/08/2026 09:06
1d0b138e-1ff0-402c-83ff-35d11d41af75,abulia.fun,premium,302.5,302.5,medium,low,6,namesilo,,,16/09/2026 16:41
2e55120f-d23d-4053-9905-90aa0a737e3f,hats.fun,premium,781.25,3125,high,low,4,name.com,,,18/09/2026 07:32
9b7653b2-bf75-44b3-9a77-de35d4e8f907,purblind.fun,available,2.99,41.99,medium,low,8,namesilo,,,14/08/2026 07:58
8710a8f5-2b08-4031-acd2-a32e7d73dbc5,sessile.fun,available,2.99,41.99,medium,low,7,namesilo,,,10/09/2026 04:59
3d03ae2a-750d-4f8e-a37f-33ad799f9604,waivers.fun,available,3,,medium,low,7,unstoppable,,,02/10/2026 22:33
e171425a-6565-4b68-a531-f266ad05cc49,fatah.fun,premium,302.5,302.5,medium,low,5,namesilo,,,18/09/2026 00:27
49371567-7908-4be0-9692-0729df8e7113,matcha.fun,premium,129.58,517.7,high,medium,6,spaceship,,,01/10/2026 03:44
21004dfa-eeb6-44ec-ae1a-936b067ac0b1,endings.fun,available,3,,medium,low,7,unstoppable,,,29/09/2026 17:30
1478ad2f-4413-459d-95ef-78149cbe6e74,stowe.fun,premium,,,medium,low,5,,,,28/09/2026 14:23
b3a17caa-e420-43c4-ae96-88e3e941a6fd,maury.fun,premium,,,medium,low,5,,,,29/09/2026 03:39
6a4df8ce-da99-48d3-a1d1-85652a13e230,twain.fun,premium,,,medium,low,5,,,,02/10/2026 04:28
708b7603-a095-4609-b576-1885c5361377,citations.fun,premium,,,medium,low,9,,,,01/10/2026 00:26
e5a30153-f7a3-42cd-8c9a-7e7432b7cfa0,cretaceous.fun,available,2.99,41.99,medium,low,10,namesilo,,,13/08/2026 06:22
3ba2a9cf-e5f9-4022-871d-e03792a61cf8,ono.fun,premium,250.2,,high,low,3,unstoppable,,,03/10/2026 01:42
bb6ed819-ed4a-4ff2-b97d-d2104c386af2,gerda.fun,available,2.57,31.41,medium,low,5,porkbun,,,03/10/2026 05:17
815eefc9-8207-4894-b75e-f6cb9d9f10ba,labrador.fun,premium,258.95,1035.2,high,low,8,spaceship,,,01/10/2026 20:14
04a7565c-b1b0-4c5d-804c-d4bf7be37269,xlvi.fun,available,2.99,41.99,medium,low,4,namesilo,,,
c57d4e88-6dad-4410-84dd-7eb64a22ead4,kitschy.fun,premium,78.12,312.5,medium,low,7,name.com,,,09/08/2026 00:53
48a4e24e-d26b-4f55-9d38-5adfa164adc7,nuisance.fun,premium,64.89,258.95,medium,low,8,spaceship,,,29/09/2026 19:51
f2d7a7f4-97c7-4a53-92c6-19d0475572da,eddy.fun,resell,,,high,low,4,,,,01/10/2026 01:49
e2654a2d-9c44-4369-9326-a1a5eb5ee7e9,rue.fun,premium,,,high,low,3,,,,30/09/2026 17:34
22aa2e72-a06a-492c-a7e4-f47c923967cb,bleaching.fun,available,2.99,41.99,high,low,9,namesilo,,,02/10/2026 21:45
dc6f952f-003a-416f-9519-6bd543c2eaa2,signify.fun,premium,325,1300,high,low,7,namecheap,,,30/09/2026 19:13
e56f307c-e24b-42be-be17-d08ffaa26a26,presentations.fun,premium,302.5,302.5,medium,low,13,namesilo,,,02/10/2026 12:24
a9e1ad12-f253-4fee-8d3d-cee9af523e3f,lettering.fun,premium,250.2,,high,low,9,unstoppable,,,03/10/2026 01:18
95f81afa-842e-40a3-b24a-2b51c85061ed,overpowering.fun,available,3,,medium,low,12,unstoppable,,,03/10/2026 03:16
9ad29927-2742-462b-a1cf-39f59730e7d4,young.fun,premium,3450,3450,high,low,5,namesilo,,,28/09/2026 09:49
9c87037b-e284-47c8-8026-2adc25d0503c,angelus.fun,premium,302.5,302.5,high,low,7,namesilo,,,19/09/2026 06:03
137104e4-c96e-449b-b009-21a1041ae899,hoy.fun,premium,325,1300,high,low,3,namecheap,,,22/09/2026 05:42
e1c921e6-64cf-4267-95ce-8e0343d54bd1,microbic.fun,available,2.99,41.99,medium,low,8,namesilo,,,24/08/2026 22:21
8f5fa571-55b4-4d30-82c3-5f0097a18d4b,unintended.fun,premium,81.25,325,medium,low,10,namecheap,,,12/09/2026 13:30
cb9b6adc-691a-4ec2-aac9-f6d64e2ec4ab,spirit.fun,premium,2500.2,,high,medium,6,unstoppable,,,29/09/2026 15:41
e2657019-12a9-48ef-9b44-19dad4ed8b22,civilian.fun,premium,78.12,312.5,high,low,8,name.com,,,12/08/2026 09:04
b2261f63-1a1f-4677-acb4-4df8ab04759f,natality.fun,premium,81.25,325,medium,low,8,namecheap,,,23/09/2026 21:04
84d72a88-9bfe-4475-bb50-b8701d78ab75,moonfish.fun,available,3.98,33.48,medium,low,8,namecheap,,,20/09/2026 21:37
14351d81-8ad4-4e66-9c7f-acb2633ac399,nonionic.fun,available,3.98,33.48,medium,low,8,namecheap,,,03/09/2026 19:33
758e8c64-5fb2-4e6c-98b9-d9c9435e42fb,scalic.fun,available,2.99,41.99,medium,low,6,namesilo,,,09/09/2026 22:27
7c5f9ee7-a4fa-4036-9e2e-b306bc714372,combative.fun,premium,78.12,312.5,medium,low,9,name.com,,,
bdc6bc44-dba3-4629-b728-486d985e9ed7,dimensions.fun,premium,640,640,medium,low,10,namesilo,,,29/09/2026 04:43
d9183cd1-c92b-4c2e-9533-3f11406b322b,addams.fun,available,3.5,32.32,medium,low,6,dynadot,,,29/09/2026 23:22
78e20a10-9aab-4363-b265-7bf87434b0ab,viability.fun,premium,250.2,,high,low,9,unstoppable,,,02/10/2026 17:04
8f6833a5-62c0-4086-aa86-f1f3b7f848a8,dating.fun,resell,,,high,low,6,Namify Domains Inc,16/02/2021 19:41,16/02/2029 23:59,29/09/2026 13:14
f9ce2ce5-de53-4720-bca9-88d67075d347,wenatchee.fun,premium,68.75,275,medium,low,9,dynadot,,,02/10/2026 01:11
8600f1eb-3deb-44f1-814e-59cc3d3dee46,description.fun,premium,68.75,273.44,high,low,11,porkbun,,,02/10/2026 21:04
5beaf918-fff8-4b31-acac-f25405b32385,lovesome.fun,available,2.99,41.99,medium,low,8,namesilo,,,
7dd5c212-451c-4a04-9a2c-8395f94b3c0a,tombs.fun,available,4.99,30.2,medium,low,5,cloudflare,,,30/09/2026 05:23
4976ef14-4ce0-4834-86ce-89c0cdf78e70,potomac.fun,premium,302.5,302.5,high,low,7,namesilo,,,02/10/2026 06:07
430da5b3-9fa7-4df4-9020-77f45ac90b1d,instate.fun,premium,78.12,,medium,low,8,name.com,,,
46aecd42-14c8-488e-a75c-f0390d51fec7,neodymium.fun,premium,302.5,302.5,medium,low,9,namesilo,,,20/09/2026 23:22
0325d0ca-ba60-41c8-bd78-81693c700818,recommends.fun,premium,64.89,258.95,medium,low,10,spaceship,,,02/10/2026 03:44
383f5858-97ba-4001-a42a-c602534603f8,lockout.fun,premium,250.2,,medium,low,7,unstoppable,,,03/10/2026 01:31
70e54ca5-d7c8-462f-861c-ae6945b3ee0a,muslim.fun,premium,781.25,3125,high,medium,6,name.com,,,22/08/2026 10:45
f48518e1-2d18-4db0-9a9c-29f8e6ddfa0f,dusky.fun,premium,78.12,312.5,high,low,5,name.com,,,14/08/2026 21:32
80c7419f-fd56-40ac-afe5-634dbb54ff62,frau.fun,premium,302.5,302.5,high,low,4,namesilo,,,02/10/2026 15:14
1721184c-2704-4f84-90d5-1bd7b73346d3,background.fun,premium,687.5,2750,high,low,10,dynadot,,,29/09/2026 00:20
b31afa22-76bf-4197-aee1-16c7f49da4da,pleasurable.fun,premium,250.2,,high,low,11,unstoppable,,,02/10/2026 07:01
f23b0eb5-bc5b-4e8a-9c36-9cac24e39c52,ayr.fun,premium,81.25,325,high,low,3,namecheap,,,21/09/2026 10:41
7461284d-a82d-45b8-8e07-89abccba9ce9,offstage.fun,premium,78.12,312.5,high,low,8,name.com,,,08/08/2026 06:14
12d4e5e6-336a-4d50-b7d0-a041387ad00a,coordinate.fun,resell,2.99,41.99,medium,low,10,"Chengdu West Dimension Digital Technology Co., Ltd.",13/05/2026 07:02,13/05/2027 07:02,30/09/2026 06:06
f4ba10b5-bbd6-4669-b0f7-df7ee2b21108,hipaa.fun,available,1.73,31.25,medium,low,5,spaceship,,,02/10/2026 09:25
f5a95303-bfd3-4982-a62b-8dfb9008d0cc,backspin.fun,premium,81.25,325,medium,low,8,namecheap,,,21/09/2026 16:02
4ac2eccc-0d36-4271-aa68-5e37e11e04d0,advance.fun,resell,,,high,low,7,West263 International Limited,06/05/2024 01:32,06/05/2027 23:59,26/09/2026 01:23
8ea1e635-500d-4098-8b8e-f2a6af9a7a0b,cancun.fun,premium,3450,3450,high,low,6,namesilo,,,24/09/2026 12:01
6159312a-3110-4461-8b60-2a1cc849924a,charlestown.fun,available,3,,medium,low,11,unstoppable,,,28/09/2026 12:26
db600e68-6e6f-4e4f-afe9-0bd965068001,corroded.fun,available,2.99,41.99,medium,low,8,namesilo,,,13/08/2026 02:05
0d17967e-678f-4afa-bd46-977d0c68beaf,choosy.fun,premium,78.12,312.5,medium,low,6,name.com,,,12/08/2026 06:53
8e098c93-2d19-4c0d-af9e-169e40e642c8,ambergris.fun,available,2.99,41.99,medium,low,9,namesilo,,,18/09/2026 16:37
48eded0d-8239-4fb5-8864-1d161a34fe40,reflector.fun,premium,302.5,302.5,high,low,9,namesilo,,,03/10/2026 01:53
36ac494d-24b0-4fa1-9a11-83cef6a59331,pol.fun,resell,,,high,low,3,,,,30/09/2026 18:22
74cfd7b8-1fba-43d2-991d-ea49c371a8b5,harbour.fun,resell,,,high,low,7,,,,29/09/2026 01:13
0b8bfb98-7591-47a6-a542-0b19e6f01479,thorpe.fun,premium,78.12,,high,low,6,name.com,,,30/09/2026 00:34
70bce593-01be-4ff6-ad82-4ea7ecc83f84,unspent.fun,premium,81.25,325,medium,low,7,namecheap,,,12/09/2026 09:36
c0982b92-ae70-47ee-b818-377e521d4dfc,unethical.fun,premium,81.25,325,medium,low,9,namecheap,,,12/09/2026 09:19
43771d27-374a-4cb0-bc44-9cef7001eb90,alsatian.fun,resell,,,medium,low,8,"WEDOS Internet, a.s.",11/03/2026 22:38,11/03/2027 23:59,26/09/2026 03:49
50495891-d18c-4bea-a784-b8bab32c0781,robinson.fun,premium,640,640,high,low,8,namesilo,,,27/09/2026 13:17
2519a8c3-0730-4ce0-b05e-77391453c67e,qualify.fun,resell,,,high,low,7,,,,28/09/2026 06:57
2d60b647-ee09-4962-907d-1fe059deb50b,haifa.fun,available,2.99,59.99,high,low,5,godaddy,,,28/09/2026 02:03
e01f2a7e-1d04-4e5c-a801-62da5bdfbbcb,bandbox.fun,premium,302.5,302.5,medium,low,7,namesilo,,,22/09/2026 01:01
44cc737d-da99-44d0-b31d-120745558ea1,gleaming.fun,premium,78.12,312.5,high,low,8,name.com,,,
a83f34f6-9436-4c40-bb9d-c814e35c4002,gusty.fun,premium,78.12,312.5,medium,low,5,name.com,,,20/08/2026 21:10
1867b98e-9acb-46f4-b684-06d86797c9a4,billiard.fun,premium,78.12,312.5,high,low,8,name.com,,,09/08/2026 21:25
8340f27f-0186-45f9-b919-697be610e458,tna.fun,premium,64.89,258.95,high,low,3,spaceship,,,29/09/2026 03:35
7d780f8c-966c-4b46-a6af-0ef248ba90e7,marathi.fun,premium,2500.2,,medium,low,7,unstoppable,,,29/09/2026 19:35
95c7c610-0175-4980-8224-229e182b03e6,dday.fun,available,3.98,33.48,high,low,5,namecheap,,,16/09/2026 12:39
ca06aad2-e3f1-4a97-9819-d0dbbcabdcf5,pediatrician.fun,premium,302.5,302.5,high,low,12,namesilo,,,02/10/2026 17:35
bda06f3d-0012-484b-94ed-95ce25b1cab2,plummet.fun,premium,78.12,312.5,medium,low,7,name.com,,,08/09/2026 21:42
69914cd1-fd5a-4be8-b32e-ef4768d3c6ff,schoolteacher.fun,premium,,,medium,low,13,,,,02/10/2026 18:19
47358672-2905-42ec-a1a1-cdd5e10e7d6f,execrable.fun,available,2.99,41.99,medium,low,9,namesilo,,,
f888a745-1de6-4e73-9ea7-409f6a2da176,blackened.fun,available,2.99,41.99,medium,low,9,namesilo,,,10/08/2026 11:47
ad3f0a35-dbbf-40e5-abec-16b3cb26b08e,loaf.fun,premium,325,1300,high,low,4,namecheap,,,11/09/2026 08:31
d4a51674-436f-4557-9fe0-1aaff7d8a2dd,nikos.fun,premium,64.89,258.95,medium,low,5,spaceship,,,03/10/2026 04:35
faef5a90-7974-47e3-a99f-0a13ba322ae7,scream.fun,premium,647.08,2587.7,high,low,6,spaceship,,,27/09/2026 18:35
f08138fa-6f3f-4731-a51d-e16ac7dd181f,sanitized.fun,premium,81.25,325,high,medium,9,namecheap,,,09/09/2026 21:17
59c0ea65-43b9-44ad-8731-7b58ae118ff0,eternal.fun,premium,325,1300,high,medium,7,namecheap,,,21/09/2026 22:47
8928d193-2c56-41e1-b50b-242f8f889bb0,joyfully.fun,premium,81.25,325,high,low,8,namecheap,,,14/09/2026 21:32
30061cf2-25a1-4306-b277-77e4a03b7f15,mods.fun,premium,250.2,,high,low,4,unstoppable,,,30/09/2026 04:53
c9eab73f-dfa3-4b86-a4fd-6e69db0babf3,accepts.fun,available,2.99,41.99,medium,low,7,namesilo,,,29/09/2026 11:07
4c679740-6ef3-4da7-9629-f423ac036fe1,hostility.fun,available,2.99,41.99,medium,low,9,namesilo,,,19/09/2026 12:25
aae4689f-8b73-42cd-8a8f-c9c242256784,cancers.fun,premium,64.89,258.95,low,low,7,spaceship,,,02/10/2026 13:25
976a36d9-a097-4865-a61e-13198a6c601a,answerable.fun,available,2.99,41.99,high,low,10,namesilo,,,22/09/2026 05:32
e0d1ad74-6a1a-48ea-9ef4-7ffb6f131cd2,lubbock.fun,premium,,,medium,low,7,,,,28/09/2026 10:18
456da698-e593-4212-99dd-1e406f6d4882,salzburg.fun,premium,68.75,273.44,high,low,8,porkbun,,,28/09/2026 03:02
9ae90295-b522-4925-8e6d-bebe86087c5b,shrunken.fun,available,2.99,41.99,high,medium,8,namesilo,,,10/09/2026 06:58
1632da7d-fb90-4af0-b069-89f6b0305801,screw.fun,premium,78.12,312.5,high,low,5,name.com,,,18/08/2026 17:26
1bb39249-bef9-4e79-a563-b04a7e7ba812,north.fun,premium,78.12,312.5,high,low,5,name.com,,,25/09/2026 23:09
8e63f437-4610-45f2-bdbb-26d2b18a8f1e,romanticism.fun,premium,250.2,,high,low,11,unstoppable,,,02/10/2026 21:58
4e9dbfc8-e8aa-4cb9-83cd-cfce8227cf6d,cheyenne.fun,premium,302.5,302.5,high,low,8,namesilo,,,24/09/2026 12:34
44dd587c-a239-4a3a-9b44-f6f9c94d04b1,chateau.fun,premium,258.95,1035.2,high,low,7,spaceship,,,30/09/2026 09:07
508b304c-0f26-42c7-862b-0ab81d500335,biotite.fun,premium,81.25,325,medium,low,7,namecheap,,,23/09/2026 19:13
cbde73ed-f9b2-4997-914f-b1873f04e11b,coils.fun,premium,250.2,,medium,low,5,unstoppable,,,02/10/2026 03:31
22001519-96c9-4b98-a6b0-9e4f1f34e92a,transposed.fun,available,3.98,33.48,medium,low,10,namecheap,,,11/09/2026 18:59
96c3b17d-a8a8-4e57-b022-6f2b14c8390f,hinge.fun,premium,64.89,258.95,high,low,5,spaceship,,,01/10/2026 19:35
5e7f04f7-7d0d-4318-9a7c-0439806d00d2,nepalese.fun,premium,81.25,325,high,low,8,namecheap,,,03/09/2026 15:35
fc1a7da1-0d89-4b48-bfde-07b9842fe5cd,told.fun,premium,312.5,,medium,low,4,name.com,,,
d321e2fe-1edf-452c-a041-bc53eecc6419,treasured.fun,premium,78.12,312.5,high,low,9,name.com,,,12/08/2026 04:21
9ca2f761-27ee-45af-a70f-df8e2f5ea4bf,wwi.fun,premium,64.89,258.95,medium,low,3,spaceship,,,02/10/2026 08:27
ddc3fce3-7413-426c-91f1-f95b62df9427,ridder.fun,premium,162.5,650,medium,low,6,namecheap,,,02/10/2026 18:20
dea8ac97-7bb9-4667-8507-2a28d0f68a01,perceval.fun,available,2.99,41.99,medium,low,8,namesilo,,,03/10/2026 03:56
7ed7d3c4-7018-4eec-bcc7-21b67b6d7a8d,rochester.fun,premium,325,1300,high,low,9,namecheap,,,01/10/2026 03:35
fcd3cee5-c86a-4f67-89da-1a8fffe95c11,eligible.fun,resell,,,high,low,8,"WEDOS Internet, a.s.",13/03/2026 11:44,13/03/2027 23:59,26/09/2026 05:47
eb3178f8-847f-46e6-b985-f785589501cd,wilcox.fun,premium,640,640,medium,low,6,namesilo,,,27/09/2026 01:45
5a1e1538-116c-4fb4-bf48-151cec34d44a,anthrax.fun,premium,302.5,302.5,medium,low,7,namesilo,,,19/09/2026 13:52
9b0a0fe9-85e1-4595-b5b0-2e25a8a9b3d6,doings.fun,premium,302.5,302.5,high,low,6,namesilo,,,23/09/2026 03:17
22e5eb28-fea4-4f98-ab0a-fc39c926aacd,urbanism.fun,premium,64.89,258.95,high,low,8,spaceship,,,02/10/2026 21:09
ae3808b8-4d34-40a2-8cfb-f86f5c5804fc,uppercase.fun,available,2.99,41.99,high,low,9,namesilo,,,25/09/2026 16:20
735d9724-a982-49fa-a62f-d81ad56fcc1c,tents.fun,premium,5000.2,,medium,low,5,unstoppable,,,29/09/2026 16:28
e1894e55-6f50-47cc-9f62-261eb79e178b,hatteras.fun,premium,302.5,302.5,medium,low,8,namesilo,,,01/10/2026 11:18
59dfc3c1-f9b1-4cad-8279-9b28e1a0fb53,ozone.fun,premium,1107,1107,high,low,5,namesilo,,,29/09/2026 07:48
1b3cef0d-d06b-4c8e-8fdf-6561d05627db,belvoir.fun,available,1.73,31.25,medium,low,7,spaceship,,,01/10/2026 23:55
85958e7b-3d39-4032-8d18-03b3fef0b0f3,northbound.fun,available,3.98,33.48,high,low,10,namecheap,,,03/09/2026 21:29
618878ef-c8fc-4aa4-a220-af38d3d54b02,artesian.fun,available,2.99,41.99,medium,low,8,namesilo,,,06/08/2026 22:39
9b45236d-ddbc-4e91-beb7-9ac764470953,lover.fun,premium,13800,13800,high,low,5,namesilo,,,23/09/2026 10:15
46fd03e0-f296-41cf-b34f-5ea10105abfb,dataflows.fun,available,2.99,41.99,low,low,10,namesilo,,,21/09/2026 05:22
5e33eeca-b85c-42c6-8bd3-2811b2d20cf6,sneezes.fun,available,2.99,41.99,medium,low,7,namesilo,,,20/09/2026 09:46
3aeaf3ac-871c-4a52-8b2b-93dd5e37b26d,version.fun,premium,,,high,low,7,,,,28/09/2026 18:17
021ef134-a3cc-4483-9725-9c5ecbc6a883,ribbons.fun,premium,302.5,302.5,medium,low,7,namesilo,,,20/09/2026 07:05
d713f100-19c8-41dd-b455-d7e51ce0acc8,ossiculate.fun,available,3.98,33.48,medium,low,10,namecheap,,,04/09/2026 18:24
d8d3eef5-305d-44e4-b792-690d3e4b583c,nice.fun,premium,1625,6500,high,medium,4,namecheap,,,24/09/2026 00:45
5aac2794-f2f1-4fa2-9b42-1d4de793dc38,capsules.fun,premium,500.2,,medium,low,8,unstoppable,,,02/10/2026 14:21
2edb5cb2-b11c-4d3a-8235-cb2b96b669f6,indictment.fun,premium,302.5,302.5,medium,low,10,namesilo,,,23/09/2026 16:05
e98367a1-4b7c-470a-b480-874c6b654adb,opts.fun,premium,302.5,302.5,medium,low,4,namesilo,,,18/09/2026 13:57
017f048f-3131-4893-98ef-3df51dbf97a1,methodology.fun,premium,302.5,302.5,high,low,11,namesilo,,,30/09/2026 06:02
62b30536-d5cb-4ec7-a95e-60d329e6f307,scenic.fun,premium,162.5,650,high,low,6,namecheap,,,09/09/2026 22:58
ec377b8e-5dc7-478c-a09e-8de0102942e2,nonsteroid.fun,available,2.99,41.99,medium,low,10,namesilo,,,03/09/2026 20:43
fd414e88-d398-4ad5-a094-b967590c4e46,dorr.fun,premium,250.2,,medium,low,4,unstoppable,,,01/10/2026 07:08
e9725279-88c7-4899-98cb-bf0e41d2e2d2,pine.fun,premium,,,high,low,4,,,,28/09/2026 02:55
12ef5083-f6ec-4b44-8022-14c829fffa58,gamma.fun,resell,,,high,high,5,,,,29/09/2026 06:30
a097aad5-12a2-4d59-a3d9-6c1daecfcfd5,theories.fun,premium,64.89,258.95,medium,low,8,spaceship,,,01/10/2026 03:41
4ff34120-8204-4b8b-98d8-d2fd901b9905,ponders.fun,available,2.99,41.99,medium,low,7,namesilo,,,18/09/2026 02:06
151f3330-a98e-446a-995a-e505fac92941,rustproof.fun,available,3.98,33.48,medium,low,9,namecheap,,,09/09/2026 20:21
260bade0-747c-4c8e-9c9f-3628c5efa30f,crouch.fun,premium,81.25,325,medium,low,6,namecheap,,,10/09/2026 17:37
283678b5-e649-4720-8c86-0d610a586b8f,originated.fun,available,1.73,31.25,medium,low,10,spaceship,,,29/09/2026 23:39
d5f5d8fa-c738-4027-80fe-f4f83a8521d0,shapeless.fun,available,3.98,33.48,medium,low,9,namecheap,,,
0fd741d6-4ac3-48c2-94d2-e6b4d37083e5,cycloidal.fun,available,4.99,59.99,medium,low,9,name.com,,,13/08/2026 13:40
fffeec2d-0f78-4514-89e4-e64122b561d7,scurvy.fun,available,2.99,41.99,medium,low,6,namesilo,,,
0f6b5308-72d1-45d3-95e8-a0b84b956c0a,subdivision.fun,premium,68.75,273.44,high,low,11,porkbun,,,29/09/2026 21:00
905a9c0c-f985-4fd8-a85d-0ff53aa26b92,wwf.fun,premium,275,1100,high,low,3,dynadot,,,29/09/2026 15:10
a11e6e9d-4c35-482e-95d0-bdbc2bb31e05,march.fun,premium,156.25,,high,high,5,name.com,,,29/09/2026 03:44
932e2b3f-2b10-4b33-b3b6-086b37ce7ee3,conciliate.fun,available,2.99,41.99,high,low,10,namesilo,,,18/08/2026 22:04
6a841239-55c2-438b-abd8-0459bb40a542,murmured.fun,available,2.99,41.99,medium,low,8,namesilo,,,18/09/2026 02:23
fbe571a8-0892-480d-959c-701f7e13e1db,tricked.fun,available,2.99,41.99,medium,low,7,namesilo,,,29/09/2026 23:35
96bf07f9-f7a4-40ca-bb27-89e6522b0a61,rhythm.fun,premium,325,1300,high,low,6,namecheap,,,25/09/2026 22:02
7ca45aea-bd28-45d6-9501-96825fa305fb,archives.fun,premium,640,640,high,low,8,namesilo,,,20/09/2026 02:21
c333fa1f-ae1c-49dc-9dc4-d5c614b6a0d6,audience.fun,resell,,,high,low,8,Alibaba Cloud Computing Ltd. d/b/a HiChina (www.net.cn),09/02/2024 01:45,09/02/2027 23:59,26/09/2026 04:07
7c24634f-3336-44ef-9b5f-b796d239ba6f,lifeboat.fun,premium,81.25,325,high,low,8,namecheap,,,29/09/2026 19:32
c7f736f7-ecb5-4207-9b2a-f61a532e7924,warren.fun,premium,500.2,,high,low,6,unstoppable,,,29/09/2026 00:43
e0ed5f9f-f3de-4ec9-ae97-5bf7fa021aa6,bradstreet.fun,available,3.98,33.48,medium,low,10,namecheap,,,19/09/2026 10:16
4e58c572-9866-4ff2-8a06-56dc97fd9426,bemock.fun,available,2.99,41.99,medium,low,6,namesilo,,,25/08/2026 02:26
52c30b6c-b6fd-40c0-a51c-d6e406cd90e0,cavernous.fun,premium,78.12,312.5,medium,low,9,name.com,,,11/08/2026 22:51
93d65fc2-5b6f-443c-9c42-dc3871a94f51,hyperbolic.fun,premium,78.12,312.5,high,low,10,name.com,,,21/08/2026 16:44
032799bc-a0cc-4de5-a3f9-3153383eea9b,dresden.fun,premium,640,640,high,low,7,namesilo,,,30/09/2026 17:05
8726c316-2632-48e0-93b2-d1b7cb0be5eb,dall.fun,available,2.99,41.99,medium,low,4,namesilo,,,01/10/2026 05:50
303ef56c-bfec-4f7f-a6c8-89205b3b363b,tearing.fun,premium,81.25,325,medium,low,7,namecheap,,,11/09/2026 09:42
e43f280e-3192-4350-8015-149c054509bd,anabatic.fun,available,2.99,41.99,medium,low,8,namesilo,,,
924ad27c-99f7-4e30-82c1-67050be36a42,nympho.fun,premium,81.25,325,medium,low,6,namecheap,,,03/09/2026 23:18
f7296e68-356c-4791-9abd-023a22d9979b,periodic.fun,premium,81.25,325,medium,low,8,namecheap,,,08/09/2026 17:11
fd2e7f78-c71d-43f1-ac09-9ef705cbc34e,alimentary.fun,available,2.99,41.99,medium,low,10,namesilo,,,
00a0b38c-3f0c-499e-aa3a-b1d184e00bbd,tenderness.fun,premium,302.5,302.5,high,low,10,namesilo,,,17/09/2026 14:18
48afc99b-3f1c-4b76-82a6-aed01cbfb911,beria.fun,available,2.99,41.99,medium,low,5,namesilo,,,23/09/2026 09:22
922584d3-f012-4e94-8344-411d1fa4f168,perplexing.fun,available,3.98,33.48,medium,low,10,namecheap,,,08/09/2026 17:58
e5bb77ab-7c75-46a2-bc5f-5b5dd8ae7ef1,heathrow.fun,premium,81.25,325,high,low,8,namecheap,,,01/10/2026 09:24
56a31b20-6efa-42e7-9504-171b37fbc016,ppt.fun,premium,275,1100,high,low,3,dynadot,,,03/10/2026 04:14
2ff19e76-7c9f-4d2d-97ee-8dd323ff17cc,serene.fun,premium,156.25,625,high,low,6,name.com,,,11/08/2026 14:51
e7cdcfb3-a2d6-4d69-bafb-3304c67fbf0b,intellectuals.fun,available,3,,medium,low,13,unstoppable,,,01/10/2026 00:59
fb7c84c5-5150-44b8-9606-2d9c74f3077b,statistic.fun,premium,250.2,,high,low,9,unstoppable,,,30/09/2026 11:05
7831f300-f013-4981-b8db-a075fd7fc5eb,astana.fun,premium,78.12,312.5,medium,low,6,name.com,,,18/09/2026 00:11
9ef9f678-9f84-48be-a173-079ce473c6dc,unskilled.fun,premium,78.12,312.5,medium,low,9,name.com,,,
fb271011-0f89-4a03-b949-14bd27cd7824,parietal.fun,available,2.99,41.99,medium,low,8,namesilo,,,08/09/2026 01:33
14a70625-74d5-4330-8053-0d4c12d6c74f,stains.fun,available,2.99,41.99,medium,low,6,namesilo,,,29/09/2026 22:47
ec99e96b-0b40-4002-bd62-2c74e367b7fe,bibles.fun,premium,68.75,275,medium,low,6,dynadot,,,02/10/2026 23:08
0aee0809-ff69-409d-8b9e-8316f17b9eba,urethral.fun,available,2.99,41.99,medium,low,8,namesilo,,,12/09/2026 23:35
a419d359-2b01-47d3-9ff7-c745fcdf73f5,nihility.fun,premium,81.25,325,medium,low,8,namecheap,,,13/09/2026 06:35
67c4aec9-e33f-499a-98b9-6c52ea923611,hire.fun,premium,1107,1107,high,low,4,namesilo,,,24/09/2026 13:49
39e2e80d-336a-4845-bd17-ac4f0a4d2d45,carbonado.fun,available,2.99,41.99,medium,low,9,namesilo,,,24/09/2026 00:32
f06728c4-a961-4287-aef4-71c6d25f0910,warships.fun,available,1.73,31.25,medium,low,8,spaceship,,,01/10/2026 18:32
35d2a7c1-2cd7-4475-a6ea-175dbb4052ae,afp.fun,premium,302.5,302.5,high,low,3,namesilo,,,17/09/2026 15:12
33d18067-ae70-427f-a9da-f5c0c29a49da,oodles.fun,available,2.99,41.99,high,low,6,namesilo,,,14/09/2026 23:32
13216224-d106-49eb-b2bc-5c61ba2a57c2,gwynedd.fun,available,1.73,31.25,medium,low,7,spaceship,,,02/10/2026 00:00
f2a9e8e6-15b7-4b1f-8264-342d04b802ef,casual.fun,premium,1625,6500,high,low,6,namecheap,,,23/09/2026 13:14
b1b91913-26c6-41cb-855d-65fee275ce44,acted.fun,available,2.99,41.99,medium,low,5,namesilo,,,27/09/2026 02:34
b04277ff-37fb-4749-994f-940eddda4629,noxious.fun,available,2.99,41.99,medium,low,7,namesilo,,,03/09/2026 22:21
9ed4f9c3-91dc-4dbc-a2b3-c6cffd903e58,petaluma.fun,premium,64.89,258.95,medium,low,8,spaceship,,,03/10/2026 06:18
095150d9-504c-4f8b-8d05-bd6d7f018d7d,day.fun,premium,1562.5,,high,low,3,name.com,,,28/09/2026 16:52
5f1fa80c-5d91-4519-a640-87b90be2e505,iridescent.fun,available,2.99,41.99,high,low,10,namesilo,,,12/08/2026 03:15
0d2395a2-796e-4011-8347-7387265887a4,antidotal.fun,available,2.99,41.99,medium,low,9,namesilo,,,
f04a0400-6fd1-4053-a095-71a8fe0b0517,fort.fun,premium,781.25,,high,low,4,name.com,,,29/09/2026 19:57
fb25303e-f98b-4991-b770-15635991a0bc,incessant.fun,available,2.99,41.99,medium,low,9,namesilo,,,11/08/2026 23:04
e27b962c-c326-450f-b9a0-91713622e733,kind.fun,premium,1107,1107,high,low,4,namesilo,,,25/09/2026 12:40
e6d8cfc4-a785-449b-a220-1dee9835d0da,cystic.fun,available,4.99,59.99,medium,low,6,name.com,,,13/08/2026 14:36
a7f92832-9fd9-494b-9469-f9b5a688b5d7,profile.fun,premium,1293.95,5175.2,high,low,7,spaceship,,,30/09/2026 07:33
dbbe49bc-9be8-4394-a175-d89fd8bcd0ae,luculent.fun,premium,78.12,312.5,medium,low,8,name.com,,,24/08/2026 10:52
4c919376-73fa-495c-a4cf-052d7b0e32e2,mortgages.fun,premium,1107,1107,medium,low,9,namesilo,,,20/09/2026 00:45
bfe4a041-dea8-475f-9ab9-3c0bcfbd1ef3,shirty.fun,premium,81.25,325,high,medium,6,namecheap,,,10/09/2026 06:37
c23a04c0-6ee3-4fb8-b91e-e62c24ae06ee,defending.fun,premium,312.5,1250,high,low,9,name.com,,,13/08/2026 23:13
06b8e547-36a4-4ab9-a942-48d3b21ba4c8,fisheye.fun,premium,78.12,312.5,high,low,7,name.com,,,18/08/2026 05:28
43103d2b-f813-40c1-96c9-6b3371e9f267,costless.fun,premium,78.12,312.5,medium,low,8,name.com,,,13/08/2026 03:12
1ed40616-e701-42e2-91f0-a54851017c27,orad.fun,premium,81.25,325,medium,low,4,namecheap,,,15/09/2026 18:09
d0cdd9de-abea-49e2-b59e-3a85c811f1e7,aether.fun,premium,640,640,high,medium,6,namesilo,,,17/09/2026 13:40
198ffbd2-9357-4aed-a7ad-7f5c2dcde20a,taps.fun,premium,5000.2,,high,low,4,unstoppable,,,29/09/2026 20:29
bf06b8ca-3314-4d91-a5e2-fa589d2ed943,adlumia.fun,available,2.99,41.99,medium,low,7,namesilo,,,17/09/2026 08:37
1178dd89-bdb8-4f40-a76f-5ad697c1c3e8,stemma.fun,premium,78.12,312.5,medium,low,6,name.com,,,08/09/2026 13:29
f09b46d5-18fa-43ae-a5fa-e942e763c132,electronic.fun,premium,3450,3450,high,low,10,namesilo,,,19/09/2026 14:31
55e15540-2979-4f60-96b2-801df033784f,axiomatic.fun,available,,,medium,low,9,,,,
13df0155-dd63-4667-81c3-f734ae17815e,multnomah.fun,available,2.99,41.99,high,low,9,namesilo,,,30/09/2026 21:47
315e2b9b-1e4a-4305-a671-0814e66fa533,standardized.fun,available,1.73,31.25,high,low,12,spaceship,,,30/09/2026 19:58
514bba2e-a9f9-4e3e-b4fc-2125be91e3ed,unpassable.fun,available,2.99,41.99,medium,low,10,namesilo,,,21/08/2026 21:49
462ee3e7-1e79-4ffb-a26c-6a6a9f02fd0c,loosen.fun,premium,250.2,,high,low,6,unstoppable,,,29/09/2026 20:44
75fee965-d518-4fa4-9640-0cad168da739,invitations.fun,premium,647.08,2587.7,medium,low,11,spaceship,,,29/09/2026 11:30
c247ab2e-6e77-487c-830f-a1ff2b490810,imbalanced.fun,available,3.98,33.48,medium,low,10,namecheap,,,21/08/2026 20:20
95b2dd2d-4742-491e-b46a-91ebf19dcadd,fundamentals.fun,premium,1107,1107,high,low,12,namesilo,,,17/09/2026 09:40
97e09a27-1f77-49b1-b45b-aa48c9b04fd2,principal.fun,premium,302.5,302.5,high,low,9,namesilo,,,27/09/2026 05:53
748d8a8f-9b7f-4ca8-9d56-b1d7a3c9291c,newcastle.fun,premium,,,high,low,9,,,,30/09/2026 10:35
c6a23c05-752e-4503-944e-74a3f6db55e2,fungi.fun,premium,258.95,1035.2,high,low,5,spaceship,,,01/10/2026 19:40
c24e88c1-5b0d-431a-a566-1c5d42a80784,resulting.fun,available,2.99,41.99,high,low,9,namesilo,,,29/09/2026 10:42
92813948-8e49-4422-910c-929422cf30ab,bareboat.fun,available,2.99,41.99,medium,low,8,namesilo,,,22/09/2026 05:23
92d1511b-80b1-43c2-97f5-0e96aaa7c785,repulsive.fun,premium,78.12,312.5,medium,low,9,name.com,,,
acb3984b-ff75-443f-ab0b-99c9ed59a5da,charlottetown.fun,premium,,,medium,low,13,,,,03/10/2026 04:31
097fec01-ee53-46fe-aaf6-bf73eea929c6,invariable.fun,available,2.99,41.99,high,low,10,namesilo,,,12/08/2026 22:58
516accaa-931c-46c9-9f43-ac9fe544fb03,betterment.fun,premium,81.25,325,high,low,10,namecheap,,,18/09/2026 18:20
a9641bb2-ea45-4190-816b-71e50906e7bb,customization.fun,available,4.99,30.2,medium,low,13,cloudflare,,,30/09/2026 22:42
1b1bf0bf-cc20-41b0-881a-160c7318dfd9,manually.fun,premium,81.25,325,medium,low,8,namecheap,,,15/09/2026 13:27
d4cd1ed9-0870-4a65-991d-9861b94f8c40,queried.fun,available,3.98,33.48,medium,low,7,namecheap,,,20/09/2026 15:21
36c70aa0-c844-426c-ad9f-4624dc603dc7,hayseed.fun,premium,78.12,312.5,medium,low,7,name.com,,,21/08/2026 08:05
77e401f8-7104-4518-a91f-4a4321386eee,bourbon.fun,premium,640,640,high,low,7,namesilo,,,24/09/2026 07:37
6f2d4c3c-5264-4b21-bc26-8b091fd6d414,prevented.fun,available,4.99,30.2,medium,low,9,cloudflare,,,29/09/2026 10:45
a0993816-3f89-4feb-bb55-9f31e4af0cb9,foresight.fun,resell,,,high,low,9,,,,01/10/2026 02:12
d32c7752-8132-4a48-b494-da17b309e0a1,gillette.fun,premium,302.5,302.5,high,low,8,namesilo,,,28/09/2026 05:50
4f184cce-fa22-4df2-b38a-dc571b0b26da,blueberry.fun,premium,647.08,2587.7,high,low,9,spaceship,,,30/09/2026 00:50
8c618bf1-a176-4e8f-b340-b7aa3dbee70e,naseby.fun,available,2.99,41.99,medium,low,6,namesilo,,,22/09/2026 15:31
7d29f8c9-047c-41bf-a5f6-e73d7fdc829f,pocket.fun,premium,2500.2,,high,medium,6,unstoppable,,,28/09/2026 19:35
e20f4fb7-b1eb-45f8-aba0-942c8ef8f8ce,skipped.fun,available,3.5,32.32,medium,low,7,dynadot,,,29/09/2026 05:58
41f3b278-e157-4e2c-bcf1-5a5360863747,liberty.fun,premium,812.5,3250,high,high,7,namecheap,,,21/09/2026 07:30
08e9013e-3f7a-4d65-af8d-c2c4e66d1593,sled.fun,premium,64.89,258.95,high,low,4,spaceship,,,29/09/2026 20:23
74071a60-5b1d-4931-9367-1acefb5fe435,manlike.fun,available,2.99,41.99,medium,low,7,namesilo,,,24/08/2026 14:48
db68ba5c-55d5-4d24-9ddc-af1943803b83,equipt.fun,premium,78.12,312.5,high,low,6,name.com,,,17/08/2026 11:53
574a09ce-fce0-4b98-87a5-464734796bd2,orr.fun,premium,302.5,302.5,high,low,3,namesilo,,,27/09/2026 03:21
69796a1d-7bbf-4526-957f-707d619bc421,absorbed.fun,resell,4.99,46.99,high,low,8,"WEDOS Internet, a.s.",11/03/2026 22:35,11/03/2027 23:59,26/09/2026 01:19
620df360-e835-44be-9b46-414f3042fd04,readability.fun,premium,302.5,302.5,high,low,11,namesilo,,,02/10/2026 11:47
5f328dc8-7bec-41cd-a5bc-3f3c9b79e5f2,halifax.fun,premium,302.5,302.5,high,medium,7,namesilo,,,03/10/2026 01:07
2952f077-95ec-49f0-98ae-77dbf3e071cd,eery.fun,premium,78.12,312.5,medium,low,4,name.com,,,15/08/2026 12:45
764eafb4-e458-49da-b3f8-90372226006b,rockingham.fun,available,4.99,30.2,medium,low,10,cloudflare,,,28/09/2026 13:42
f18862e0-8c4c-43e7-9a23-41bc92ff2c0a,slowly.fun,premium,312.5,1250,medium,low,6,name.com,,,22/08/2026 23:55
71575ddc-56ff-43e1-a971-f294edc9ea1a,ring.fun,premium,2500.2,,high,low,4,unstoppable,,,28/09/2026 21:16
31b9c5d1-de72-4e59-bba6-a50a57bc9354,fergus.fun,premium,,,medium,low,6,,,,29/09/2026 05:30
ab069096-6d75-4f7a-aa55-a00fb9ad626e,giver.fun,premium,640,640,high,low,5,namesilo,,,23/09/2026 10:44
06595ded-3587-4f48-a5a8-ab2fd8d9a507,fibrous.fun,premium,78.12,312.5,medium,low,7,name.com,,,18/08/2026 03:22
39ca03ce-3399-4b7f-8559-24050f11a569,mates.fun,premium,,,high,low,5,,,,28/09/2026 10:21
bd48aae7-30e0-424f-8b3d-0b3f46ca286d,touchdowns.fun,premium,302.5,302.5,medium,low,10,namesilo,,,19/09/2026 23:06
ac27e3e0-4a9a-4722-bf15-cd63acd11159,backless.fun,premium,78.12,312.5,medium,low,8,name.com,,,08/08/2026 05:48
e97d6894-af44-43f0-9ae4-30e4247b64e5,task.fun,premium,129.58,517.7,high,low,4,spaceship,,,02/10/2026 03:42
366fd3e9-d5cb-4c97-9833-451b59416f67,cartoon.fun,premium,1625,6500,high,low,7,namecheap,,,19/09/2026 08:59
f8804fd4-c382-4eb0-b75b-d930f3e4c656,establishments.fun,available,2.99,41.99,low,low,14,namesilo,,,
717c5c02-8193-4dc1-a119-629b293a66e5,falls.fun,premium,68.75,275,high,low,5,dynadot,,,29/09/2026 18:56
7a1ab048-b00c-4fce-a88a-fc71e26f569b,fragments.fun,resell,,,low,low,9,,,,29/09/2026 05:00
e8799804-e717-49fe-ad48-c62a6fd56e6c,diurnal.fun,premium,78.12,312.5,medium,low,7,name.com,,,14/08/2026 13:34
d2015cfd-3927-4120-8a65-ee1730f8227d,mop.fun,premium,3450,3450,high,low,3,namesilo,,,30/09/2026 05:15
b66e5cd9-7f42-4b89-bd0a-c1708bdd9100,noguchi.fun,available,1.73,31.25,medium,low,7,spaceship,,,02/10/2026 15:42
ae3651b1-b0a6-4190-80cf-0980792c35d7,homozygous.fun,available,2.99,41.99,medium,low,10,namesilo,,,21/08/2026 13:12
6eedfbbd-acca-4fd5-830b-215b331c201c,madrona.fun,premium,302.5,302.5,medium,low,7,namesilo,,,20/09/2026 01:01
0058b0de-f738-4c11-85e2-453305c7d968,paternity.fun,premium,,,high,low,9,,,,01/10/2026 02:01
c574270e-5b1b-43bb-aa6a-ce704902db0a,entrusted.fun,available,3.98,33.48,medium,low,9,namecheap,,,29/09/2026 16:07
93efb420-6e4f-4d0e-a957-9be07225237b,cordiality.fun,premium,302.5,302.5,high,low,10,namesilo,,,18/09/2026 21:58
68b5fd58-cae2-40b3-8a2e-8c8b4edc7cc5,gramophone.fun,premium,640,640,high,low,10,namesilo,,,17/09/2026 02:30
7c21cf46-7fdc-477f-9dfb-697f17cc6a38,vaca.fun,premium,302.5,302.5,medium,low,4,namesilo,,,02/10/2026 22:00
d80509a7-de95-408b-bd67-94b611599e78,owning.fun,available,2.99,41.99,medium,low,6,namesilo,,,20/09/2026 00:32
7d01551e-904a-497c-8051-1dd99f68ff5c,acridid.fun,resell,,,medium,low,7,"WEDOS Internet, a.s.",11/03/2026 22:36,11/03/2027 23:59,26/09/2026 01:21
a09a5fc1-4ef3-4cb7-aac5-519efc104760,natchitoches.fun,available,2.99,41.99,medium,low,12,namesilo,,,03/10/2026 06:08
9d235038-2cf0-4c5b-b9c8-e02d544e4c37,serve.fun,premium,64.89,258.95,high,low,5,spaceship,,,29/09/2026 15:49
f7cceb5d-b7c6-44a9-b273-286c1a18adc5,oblique.fun,available,2.99,41.99,high,low,7,namesilo,,,14/08/2026 05:11
d67664d4-a932-4f1d-885d-4402a7d289a9,hines.fun,premium,640,640,high,low,5,namesilo,,,27/09/2026 07:58
894188b4-5224-4c30-8e5a-e198eff67c8a,gin.fun,premium,1625,6500,high,low,3,namecheap,,,24/09/2026 18:31
24b91cca-7190-48c7-b4ed-e8260c227ad2,artfully.fun,available,3.98,33.48,high,low,8,namecheap,,,13/09/2026 20:53
788c5886-caa9-4d8e-893a-c7c3e9b8c78e,cadmium.fun,premium,78.12,312.5,high,low,7,name.com,,,11/08/2026 22:59
fbed72dc-f843-40cc-a249-36cccbbd7dfa,altering.fun,premium,302.5,302.5,high,low,8,namesilo,,,18/09/2026 14:47
a46795a6-8c22-4208-a0b4-13ce5cc21c2d,ragi.fun,premium,302.5,302.5,medium,low,4,namesilo,,,17/09/2026 15:16
d33fb8cd-be61-4bee-9144-0ab419e672f3,rapt.fun,premium,78.12,312.5,high,low,4,name.com,,,14/08/2026 23:50
d3314869-6f74-4617-aa4f-c343bc496994,forerunners.fun,premium,302.5,302.5,medium,low,11,namesilo,,,01/10/2026 18:42
5fe6e182-8972-4609-877c-51d32ba95ab7,bewilder.fun,premium,302.5,302.5,high,low,8,namesilo,,,21/09/2026 17:30
c70622ed-6db5-4932-9630-d34374727504,byu.fun,premium,81.25,325,medium,low,3,namecheap,,,29/09/2026 15:54
405281db-274a-4544-9fdb-d90ef55ae22f,devotedly.fun,available,2.99,41.99,medium,low,9,namesilo,,,14/09/2026 12:28
feef11eb-dc48-4df9-a3ad-7a4e8a433f75,annotating.fun,available,2.99,41.99,medium,low,10,namesilo,,,19/09/2026 10:41
b4f9b300-f978-46b9-b348-a7a6d88e8b7a,refractory.fun,available,2.99,41.99,medium,low,10,namesilo,,,18/08/2026 13:55
e239e885-2592-41d3-836e-e9ba41a3d56d,adamance.fun,available,2.99,41.99,medium,low,8,namesilo,,,17/09/2026 06:15
cfba6822-23fb-47bf-abbb-56556aa4cad1,wagram.fun,premium,302.5,302.5,medium,low,6,namesilo,,,22/09/2026 16:18
14ccf408-4cbb-407e-99f9-37f98f410d81,dances.fun,premium,78.12,,high,low,6,name.com,,,
88fdf644-f135-4b86-9552-9ad5437ec1d3,wallow.fun,premium,81.25,325,high,low,6,namecheap,,,23/09/2026 16:37
15561b84-76f3-4f2d-a22f-6914f881dbb7,embargo.fun,premium,250.2,,medium,low,7,unstoppable,,,02/10/2026 04:43
51d951ac-5384-4d62-81ef-427b6ae937cc,totemic.fun,premium,81.25,325,medium,low,7,namecheap,,,11/09/2026 18:10
b1a858c2-4ac0-44cf-a5f5-7b37a772937e,lena.fun,premium,302.5,302.5,high,low,4,namesilo,,,25/09/2026 08:55
f8a71a7a-c000-48ae-bcbd-301a65a9a593,underneath.fun,premium,302.5,302.5,high,low,10,namesilo,,,16/09/2026 09:57
666020b2-8294-4573-92a8-a78b6612c52f,dictated.fun,available,2.99,41.99,medium,low,8,namesilo,,,14/08/2026 06:36
73a93095-46d6-413d-bcb0-26824f5d3c9f,deaf.fun,premium,1562.5,6250,high,low,4,name.com,,,13/08/2026 19:42
dd142990-bfc9-48bc-9eb5-2f199d7cbcdc,jos.fun,premium,302.5,302.5,medium,low,3,namesilo,,,29/09/2026 03:35
a9ad29a1-1e20-40bd-8af6-de324108cfce,phial.fun,premium,302.5,302.5,medium,low,5,namesilo,,,18/09/2026 23:47
b4a65a0e-9722-438b-af3f-1ba44088ca35,burnham.fun,premium,302.5,302.5,medium,low,7,namesilo,,,27/09/2026 03:24
daa067d2-5db3-4b9c-adcb-b25ed9af7de7,constipation.fun,premium,64.89,258.95,medium,low,12,spaceship,,,02/10/2026 21:23
81d4f9d5-6e0a-4df4-a7cf-15055f0ae0c2,curtailing.fun,available,3.98,33.48,medium,low,10,namecheap,,,03/10/2026 03:36
9b9db9a2-bae1-4cec-a1cb-607020eef6e8,prat.fun,premium,78.12,312.5,medium,low,4,name.com,,,09/08/2026 11:18
9c17ea2b-6293-4fab-9503-733cce41a22e,hangnail.fun,available,3.98,33.48,medium,low,8,namecheap,,,17/09/2026 18:26
6085f9f5-c116-4c4d-ad6b-4bda5d98b02d,overeager.fun,available,2.99,41.99,medium,low,9,namesilo,,,04/09/2026 20:31
9ce9887d-d0da-4761-afb4-4595e9c554cf,terraced.fun,premium,250.2,,medium,low,8,unstoppable,,,29/09/2026 10:42
befcaad5-b518-454b-b04a-f19f7d518ffd,amateur.fun,premium,647.08,2587.7,high,low,7,spaceship,,,01/10/2026 20:01
1ec08ec3-11ba-49fa-a36f-960a5de4d376,atheist.fun,premium,325,1300,medium,low,7,namecheap,,,22/09/2026 10:58
0c941f0d-6e70-4f4b-a2f6-7d0ad7b6c615,communicator.fun,premium,64.89,258.95,high,low,12,spaceship,,,02/10/2026 18:22
d4e37eba-836f-49aa-81dd-44beff22555d,ghostly.fun,premium,78.12,312.5,medium,low,7,name.com,,,06/08/2026 05:28
e9b940d6-36ed-4853-99d5-442d864d83ae,nine.fun,premium,1107,1107,high,low,4,namesilo,,,21/09/2026 13:23
1de75224-7ac3-47ae-85b8-d9afb5e0da97,wilkins.fun,premium,302.5,302.5,medium,low,7,namesilo,,,25/09/2026 22:55
98a095f6-7e86-4f79-81dc-1c4bd5c351b5,waikato.fun,premium,81.25,325,medium,low,7,namecheap,,,02/10/2026 10:00
3adf131c-47ca-4982-91d5-d54ba9e935a7,rawlins.fun,available,2.99,41.99,medium,low,7,namesilo,,,01/10/2026 12:10
4a578d7f-82ff-4053-95f6-4ace6617a0fa,lichfield.fun,premium,81.25,325,medium,low,9,namecheap,,,30/09/2026 12:48
55e78b39-6522-4e69-80a3-0865cc873c8a,socorro.fun,premium,64.89,258.95,medium,low,7,spaceship,,,30/09/2026 21:57
3cb7f43e-ae08-4eae-90e1-8fd2b23b9d6d,pupal.fun,premium,81.25,325,high,medium,5,namecheap,,,09/09/2026 06:07
cfa91c69-424b-4c40-8440-db27dfb15df6,saturday.fun,premium,1562.5,,high,low,8,name.com,,,30/09/2026 10:29
fe3403d1-7fcb-44ed-9319-af4011ee4f70,stagey.fun,available,3.98,33.48,medium,low,6,namecheap,,,10/09/2026 18:06
498ad390-ab50-43fd-b47f-d5ed436fbcb1,omani.fun,premium,81.25,325,high,low,5,namecheap,,,04/09/2026 02:24
fd15de84-448c-4356-87e0-0ff7431f3ea2,antitype.fun,premium,302.5,302.5,medium,low,8,namesilo,,,19/09/2026 15:14
35bb1f2b-7f7c-4041-a8c1-9b5a28d32e87,aphelion.fun,premium,81.25,325,medium,low,8,namecheap,,,19/09/2026 16:55
eb93835b-67a4-48f2-8658-6f048f71233f,emir.fun,premium,325,1300,high,low,4,namecheap,,,18/09/2026 17:55
4380d8fa-6361-4544-8b17-3c2cfab29bc4,harwich.fun,premium,,,medium,low,7,,,,30/09/2026 21:05
f87422f6-1b9c-4287-bdf3-c011af525d8d,yokelish.fun,available,2.99,41.99,medium,medium,8,namesilo,,,10/08/2026 22:23
32da44fe-2a38-4c6c-98a1-d95d15c831e1,cover.fun,premium,6900,6900,high,low,5,namesilo,,,22/09/2026 21:52
f78a7642-a7f6-4124-a1c0-275a4192e752,beekeeping.fun,premium,302.5,302.5,high,low,10,namesilo,,,19/09/2026 17:24
2e314b14-300b-439f-b0fe-47ae51f1f647,adjectives.fun,available,2.99,41.99,medium,low,10,namesilo,,,18/09/2026 16:11
859f9436-04f9-4309-ae67-f269dec9289c,banding.fun,premium,302.5,302.5,high,low,7,namesilo,,,22/09/2026 01:17
117060c8-302a-4c2c-9864-2a61dcfffb6b,macaronic.fun,available,2.99,41.99,medium,low,9,namesilo,,,24/08/2026 12:44
112a2c30-64a0-4d79-a020-0419236105d7,jur.fun,premium,64.89,258.95,medium,low,3,spaceship,,,30/09/2026 04:32
a22a3d09-8939-4236-8d5b-0b76e1e65ad0,explain.fun,premium,258.95,1035.2,high,low,7,spaceship,,,30/09/2026 19:34
ae8cd11e-d939-4c4b-92c4-fa4f2729aa33,fmri.fun,premium,302.5,302.5,high,low,4,namesilo,,,02/10/2026 04:55
a8a2be46-a1e0-4bdf-9bc4-6094313089ab,beginner.fun,premium,325,1300,high,low,8,namecheap,,,23/09/2026 02:23
c22ab42a-5ad9-43c2-b0e7-0eea1674bcf0,gardiner.fun,premium,302.5,302.5,medium,low,8,namesilo,,,25/09/2026 06:17
175dc77f-e771-4cce-a1d3-ed826d98f102,sphere.fun,premium,302.5,302.5,high,high,6,namesilo,,,25/09/2026 14:14
c8d97416-73f7-40c5-9b54-0ee677191c23,irritating.fun,premium,78.12,312.5,medium,low,10,name.com,,,
7f07a120-1ec5-4e4f-9961-f90c32866b1c,chemic.fun,premium,78.12,312.5,medium,low,6,name.com,,,12/08/2026 04:12
a4147dbb-da67-4a6a-86b8-bcf8a83a6e79,trinity.fun,premium,1107,1107,high,medium,7,namesilo,,,21/09/2026 13:07
8e5c7978-8774-47f0-bbc9-828c27a65ae2,issue.fun,premium,302.5,302.5,high,low,5,namesilo,,,29/09/2026 11:12
a48e0e7e-503e-4b14-a2f0-1ffebb6680f3,untracked.fun,premium,81.25,325,medium,low,9,namecheap,,,08/09/2026 10:31
d11331b2-e998-45d8-932d-099c0343d1ef,behaviors.fun,available,2.99,41.99,low,low,9,namesilo,,,02/10/2026 13:50
1b94c4d8-c462-4d29-9fd8-0662a2bc9953,lavatory.fun,premium,81.25,325,high,low,8,namecheap,,,09/09/2026 02:14
86f78353-9190-4ac7-b1e9-182d275d0893,heartthrob.fun,premium,302.5,302.5,high,low,10,namesilo,,,29/09/2026 22:26
314a810b-0d6b-41f2-b272-dfb9b74efd2b,apolitical.fun,available,2.99,41.99,medium,low,10,namesilo,,,06/08/2026 02:02
4e17f7e7-5d87-4285-93ec-e1ea4e1e77cc,uncrossed.fun,available,2.99,41.99,medium,low,9,namesilo,,,12/09/2026 06:33
743522cc-e603-4c0c-9d15-7ccd82d43211,colorful.fun,premium,312.5,1250,high,low,8,name.com,,,12/08/2026 17:48
5c589eb8-accc-4199-90e3-e9d19601c85e,degree.fun,premium,312.5,1250,high,low,6,name.com,,,23/08/2026 00:33
44ec8bfb-c19c-45a2-92fc-c1fa1c98ff57,woodrow.fun,premium,64.89,258.95,medium,low,7,spaceship,,,02/10/2026 23:34
979a2a73-2900-4a28-86a2-3f72f503d35e,salvadoran.fun,available,3.98,33.48,high,medium,10,namecheap,,,09/09/2026 21:01
0f1b7b0b-72d2-4695-9fed-0073259a32a2,laborious.fun,premium,78.12,312.5,medium,low,9,name.com,,,06/08/2026 17:00
3e6beade-bfef-4123-b8ae-55fe5b943404,painting.fun,premium,3450,3450,high,low,8,namesilo,,,25/09/2026 07:33
72e93b9e-ae4e-466a-8a99-d04a9e5e7418,cranbrook.fun,available,4.99,30.2,medium,low,9,cloudflare,,,02/10/2026 20:50
68930f22-54eb-4475-b92a-a785ee8a8752,earle.fun,available,2.99,41.99,medium,low,5,namesilo,,,26/09/2026 03:17
97fc94e9-643a-4748-b2ca-aa5bffdc905d,violent.fun,available,2.99,41.99,high,low,7,namesilo,,,11/09/2026 09:46
96b8dd36-ab9c-4f64-a3de-7f3f8e9c499f,unstuck.fun,resell,,,medium,low,7,Atak Domain Bilgi Teknolojileri A.Ş.,21/06/2026 13:26,21/06/2027 13:26,26/09/2026 09:53
d8b5922b-5d06-4029-b271-e18b5adb5547,capsulize.fun,available,3.98,33.48,medium,low,9,namecheap,,,11/08/2026 18:15
2cae03f1-8301-46a4-b6a7-fc519545e086,gaunt.fun,premium,78.12,312.5,medium,low,5,name.com,,,10/08/2026 18:54
e5fad7ab-8eeb-490c-a387-d3a970031001,stupe.fun,premium,81.25,325,medium,low,5,namecheap,,,10/09/2026 23:06
3ddf1abf-a985-4f86-8a67-9c742a334a9e,listened.fun,resell,,,medium,low,8,"WEDOS Internet, a.s.",14/03/2026 10:08,14/03/2027 23:59,26/09/2026 07:15
5cbf6ea6-707a-4a5b-b159-bed4bc3cc065,signalize.fun,premium,81.25,325,high,medium,9,namecheap,,,10/09/2026 08:01
90d712b9-177c-4eb1-b221-aab52e65af30,metabolism.fun,premium,64.89,258.95,medium,low,10,spaceship,,,29/09/2026 13:25
c5f7c735-6ba1-49a2-9951-789453f8b017,curfew.fun,premium,81.25,325,medium,low,6,namecheap,,,24/09/2026 20:27
8732c5f4-bfbe-46bd-b3e9-790e5d1cbf5e,ballerina.fun,premium,302.5,302.5,high,low,9,namesilo,,,21/09/2026 22:49
5b373ebd-b606-4ecd-9ab9-88a7223c925b,aril.fun,premium,302.5,302.5,medium,low,4,namesilo,,,20/09/2026 05:30
ee0c3693-c0f3-4919-b7d8-3d976ca118c5,backside.fun,premium,78.12,312.5,medium,low,8,name.com,,,09/08/2026 10:44
532e9bae-e853-4ed3-a6a8-026848e61b75,gnostic.fun,premium,78.12,312.5,medium,low,7,name.com,,,20/08/2026 15:47
ad2b04b2-4aa4-4771-835a-800b4b593002,mercurial.fun,premium,78.12,312.5,high,low,9,name.com,,,17/08/2026 12:50
49146eac-be45-425a-9f76-207b4227ee9e,bergenia.fun,available,2.99,41.99,medium,low,8,namesilo,,,23/09/2026 09:20
2cab6f42-970a-4f6d-a024-c866eab87015,baldrick.fun,available,3.98,33.48,medium,low,8,namecheap,,,21/09/2026 21:46
5a4f8130-e4da-4ca5-a08a-42399c08a802,zone.fun,premium,2500.2,,high,low,4,unstoppable,,,29/09/2026 16:21
48011492-2968-4688-9b57-2da875961e73,roiled.fun,available,2.99,41.99,medium,low,6,namesilo,,,
9729c5da-8753-4259-879a-42490360f6a9,occitan.fun,premium,81.25,325,high,low,7,namecheap,,,09/09/2026 04:30
a2d9dbf6-c5fe-408a-bdf0-f36db3926e9a,domestication.fun,available,1.73,31.25,medium,low,13,spaceship,,,30/09/2026 14:24
ec7ac712-8d42-477e-bb25-db757cb91173,krakow.fun,premium,68.75,275,high,low,6,dynadot,,,01/10/2026 01:37
2d474614-a3cc-40c2-996f-acfb5acbee85,summarizing.fun,available,3.98,33.48,medium,low,11,namecheap,,,17/09/2026 10:36
cbb58704-1a97-4c2a-a6cb-6eeb63331b05,madness.fun,premium,3450,3450,high,low,7,namesilo,,,27/09/2026 04:07
c1405430-493f-4426-8826-5a7eb49008a7,heinous.fun,premium,78.12,312.5,medium,low,7,name.com,,,18/08/2026 06:18
1ab60a33-397a-46e6-a463-1c70c0ae356b,pallid.fun,available,2.99,41.99,medium,low,6,namesilo,,,04/09/2026 23:51
2cae00a2-4ba4-48a3-847d-7a1a94700c5f,guineas.fun,available,1.73,31.25,medium,low,7,spaceship,,,01/10/2026 17:45
b2f24437-00f5-4246-8730-3030e442f446,degrade.fun,premium,,,medium,low,7,,,,01/10/2026 22:09
653f8d98-8477-47bf-b348-77c342fb8491,shutters.fun,premium,325,1300,medium,low,8,namecheap,,,02/10/2026 03:37
ef89f825-6955-4f7d-bf06-a177ed8537eb,lotta.fun,premium,250.2,,medium,low,5,unstoppable,,,03/10/2026 03:04
5e8c8428-e245-457a-986f-795f128d03d0,travel.fun,premium,6900,6900,high,medium,6,namesilo,,,24/09/2026 22:30
10718403-77b9-4577-8e2b-e34d98914bc2,newscast.fun,available,1.73,31.25,high,low,8,spaceship,,,02/10/2026 16:11
95d9df96-902b-4026-a231-0e9b72064546,regular.fun,premium,1107,1107,high,low,7,namesilo,,,27/09/2026 11:38
ecd759b5-58f3-4c80-9aae-a8d13099f66c,dickensian.fun,available,2.99,41.99,medium,low,10,namesilo,,,14/08/2026 06:25
10536bd8-b01e-49c5-bbd8-61067285966f,marta.fun,premium,1107,1107,high,low,5,namesilo,,,27/09/2026 17:44
a93beed8-3027-4438-8b21-c2f5e7521e83,bristow.fun,premium,302.5,302.5,medium,low,7,namesilo,,,30/09/2026 05:31
cc233b3f-5453-4fb2-a7d2-69486ae71fff,freckled.fun,available,2.99,41.99,medium,low,8,namesilo,,,18/08/2026 14:26
29380310-b060-4dc5-8dbd-989c313f26f1,tewkesbury.fun,available,4.99,59.99,medium,low,10,name.com,,,22/09/2026 16:07
ffadfc61-d902-4cb4-a933-ce3984d1e286,vinyl.fun,premium,1365.1,5458.82,high,low,5,porkbun,,,29/09/2026 20:35
9a4ae4bf-b873-43e9-b41e-fe9aec343186,allen.fun,premium,1107,1107,high,low,5,namesilo,,,18/09/2026 10:46
1e89684f-22cc-4181-925d-2a76634059ec,devised.fun,premium,302.5,302.5,low,low,7,namesilo,,,29/09/2026 16:34
799ced89-e073-4520-8f43-62452f729800,banditry.fun,premium,302.5,302.5,medium,low,8,namesilo,,,22/09/2026 01:24
fc27e247-35fd-4499-9324-83e6a96930fe,anaheim.fun,premium,640,640,high,low,7,namesilo,,,19/09/2026 01:31
bed3e462-58d0-4ec9-9f99-b5779e443bb3,mep.fun,premium,68.75,275,high,low,3,dynadot,,,30/09/2026 11:32
e66f6ea9-dfb0-401c-9f05-62fa8c04f9c3,bbs.fun,premium,162.5,650,high,low,3,namecheap,,,22/09/2026 18:34
bd9b2c65-aca6-4f22-99b7-ec0d3b58753b,mounting.fun,premium,250.2,,medium,low,8,unstoppable,,,29/09/2026 00:26
20874338-3260-4590-a56f-25d2b92cc603,designing.fun,premium,156.25,625,high,low,9,name.com,,,14/08/2026 03:45
cf0ae268-18c7-4bec-a8b1-77851b7ebc08,olof.fun,available,1.73,31.25,medium,low,4,spaceship,,,02/10/2026 00:16
b65b21fc-0384-4d9b-9032-fcfd00615af6,jen.fun,premium,1107,1107,high,low,3,namesilo,,,28/09/2026 03:57
27d246de-ad5b-46ec-8e71-2a82f3b3c8d6,islamist.fun,available,4.99,30.2,high,low,8,cloudflare,,,02/10/2026 05:26
d3129051-bb34-4ec0-b586-57c9ea4e9431,exilic.fun,available,2.99,41.99,medium,low,6,namesilo,,,17/08/2026 17:19
56589de8-5595-4177-a89f-9fd50a4a8c51,malted.fun,premium,78.12,312.5,high,low,6,name.com,,,24/08/2026 14:12
d1b9127d-7968-4e8e-88a5-fe0780858318,tbilisi.fun,premium,258.95,1035.2,medium,low,7,spaceship,,,28/09/2026 20:36
e6aad781-5a0f-4a52-b720-1ffe1c321a48,selected.fun,premium,64.89,258.95,high,low,8,spaceship,,,27/09/2026 19:50
8d9b48ec-e773-4c91-9e5f-aa6507a1e4a5,syllabic.fun,premium,81.25,325,high,low,8,namecheap,,,11/09/2026 05:58
84ad2e46-a596-4bd7-a43e-c4c9d1a4cb89,miles.fun,premium,156.25,625,high,low,5,name.com,,,25/09/2026 17:17
86ad56fb-b830-4fa2-97e6-e882927e4d15,tirana.fun,premium,1107,1107,high,low,6,namesilo,,,18/09/2026 02:27
ff627f51-0035-4d5a-b990-63178db57954,dps.fun,premium,,,high,low,3,,,,01/10/2026 07:57
a8bcb86a-cf89-48f0-89e4-c4da03f0f92b,acceptive.fun,premium,78.12,312.5,medium,low,9,name.com,,,
2c82b537-b0c9-41fe-b00c-0e883d87aa20,worried.fun,premium,302.5,302.5,high,low,7,namesilo,,,24/09/2026 11:23
45bb432a-1847-4409-87f6-82ea0dab8ab8,abu.fun,premium,129.58,517.7,high,low,3,spaceship,,,29/09/2026 03:39
b5e1e7b4-0e03-4a9d-aaaa-33d72f7cfc4c,biodiesel.fun,available,1.73,31.25,high,low,9,spaceship,,,02/10/2026 11:17
60770e50-38f0-465b-a592-096e81dfd820,iberia.fun,premium,5000.2,,medium,low,6,unstoppable,,,28/09/2026 14:29
61a95faa-82e2-40c3-8fe6-d6eaef2c19cf,fetal.fun,premium,78.12,312.5,medium,low,5,name.com,,,18/08/2026 02:16
3ffc7705-6193-40b3-ac77-ed0aa1182e41,angkor.fun,premium,64.89,258.95,medium,low,6,spaceship,,,02/10/2026 20:28
743c0fd2-8248-4497-8963-b6f7a694d3bd,consisting.fun,available,3,,low,low,10,unstoppable,,,02/10/2026 21:09
54a7fc06-2e23-4458-9af3-da4bc7456cb7,concede.fun,premium,,,high,low,7,,,,01/10/2026 04:09
55ce0e4c-7611-49b1-bbaa-cf57eb9a0dbe,repulse.fun,premium,162.5,650,high,medium,7,namecheap,,,10/09/2026 12:48
ca8f1b3b-39f3-41bf-b9f1-bbfa080f40b0,woolly.fun,premium,78.12,312.5,high,low,6,name.com,,,18/08/2026 08:40
de2ef57f-6444-4eaf-aca1-a29ea248d12f,fashions.fun,premium,640,640,high,low,8,namesilo,,,02/10/2026 13:01
7b20d805-3c8e-468a-b114-c1180407fda0,tasso.fun,available,4.99,30.2,medium,low,5,cloudflare,,,02/10/2026 16:55
53ec61db-b77e-4ae1-a26b-9123c56c8b77,tibetan.fun,premium,78.12,312.5,high,low,7,name.com,,,11/09/2026 15:23
2c680631-8bba-4674-a7d5-befc6ad9aca2,respectful.fun,available,1.73,31.25,high,low,10,spaceship,,,27/09/2026 12:44
de077a87-fee6-4eac-9b95-03f29b414282,accrual.fun,premium,81.25,325,medium,low,7,namecheap,,,16/09/2026 23:14
d2a98737-0c57-463e-82fe-de357e1b6b95,eaten.fun,premium,1000.2,,high,low,5,unstoppable,,,30/09/2026 22:38
6412a795-2452-467c-bff5-c6fe12fac68a,cebu.fun,premium,162.5,650,medium,low,4,namecheap,,,28/09/2026 18:38
464e93f9-b87f-4453-8b8b-a69189bf5bff,errol.fun,premium,64.89,258.95,medium,low,5,spaceship,,,30/09/2026 12:54
cecaebf2-0f2f-48a1-b7bf-ea7115dce45b,henderson.fun,premium,325,1300,high,low,9,namecheap,,,25/09/2026 19:30
48e7ae23-1bc7-4495-87c0-65b476298b08,discouraged.fun,premium,81.25,325,medium,low,11,namecheap,,,29/09/2026 14:36
fd6b99d8-3363-4af9-b6f5-c921eb03d638,punic.fun,premium,78.12,312.5,medium,low,5,name.com,,,11/08/2026 19:51
5923b80c-1970-422e-a622-7175dafd8162,apocalypse.fun,premium,81.25,325,medium,low,10,namecheap,,,19/09/2026 18:10
d43a5dea-4fe3-4da3-9029-fed2b49eee4d,chenango.fun,available,4.99,30.2,medium,low,8,cloudflare,,,03/10/2026 06:15
689cca5c-5c91-4d13-a13f-6fcea5d2db59,bilateral.fun,available,3.98,33.48,high,low,9,namecheap,,,09/08/2026 21:14
8d525127-1c2e-4876-a4d6-ecb0d8a0f1fe,vcr.fun,premium,64.89,258.95,high,low,3,spaceship,,,02/10/2026 06:38
c699871f-741c-46eb-9a21-9f5e972dd8d0,rafts.fun,premium,81.25,325,high,low,5,namecheap,,,14/09/2026 23:26
894e5679-a51b-4bba-92ac-727db18b7515,overhasty.fun,available,2.99,41.99,medium,low,9,namesilo,,,04/09/2026 20:44
d6be2d58-2797-43c0-a7b5-21873e6a3ba2,majorca.fun,premium,,,medium,low,7,,,,03/10/2026 01:32
e78fb692-bb51-4ca1-b596-05ce53f44cbd,heartburn.fun,premium,81.25,325,medium,low,9,namecheap,,,29/09/2026 22:23
3121866c-bba6-49a9-8e5f-be4cafc7cfb9,wigeon.fun,premium,81.25,325,medium,low,6,namecheap,,,19/09/2026 03:00
336b9c24-b3a9-47a4-9fed-77659e12841e,emancipation.fun,premium,,,high,low,12,,,,01/10/2026 15:38
4203ed4b-1eff-4908-9323-b98d522fbd15,dbs.fun,premium,258.95,1035.2,high,low,3,spaceship,,,01/10/2026 10:18
2b230871-1777-4e49-a04c-4972447ecff7,compromise.fun,available,4.99,59.99,high,low,10,name.com,,,24/09/2026 16:54
1bda281d-199a-43b9-aa81-4ed75c98b59a,hollyhock.fun,premium,302.5,302.5,medium,low,9,namesilo,,,18/09/2026 14:54
377fd1ac-974a-4f1a-aefa-0f839fd31a43,pale.fun,premium,302.5,302.5,medium,low,4,namesilo,,,27/09/2026 02:35
7289742e-3f68-41f3-980a-c97fdd7cceb4,fold.fun,premium,1000.2,,high,low,4,unstoppable,,,28/09/2026 14:00
66430b06-a4a6-444e-8dae-e10091d1a151,schizophrenic.fun,premium,64.89,258.95,medium,low,13,spaceship,,,30/09/2026 12:09
4782f71a-e03f-40bf-83fa-c293e3c35a56,mortimer.fun,premium,302.5,302.5,medium,low,8,namesilo,,,25/09/2026 23:45
3aefb4ba-c271-4388-bc9c-0074dc9e0358,bush.fun,premium,302.5,302.5,high,low,4,namesilo,,,23/09/2026 11:53
6322a908-fa05-4fca-a9ef-c65937128823,executives.fun,available,2.99,41.99,medium,low,10,namesilo,,,21/09/2026 01:35
d5e5f2a7-5ca3-490d-a2b6-fdb6fbab6294,flaccid.fun,premium,78.12,312.5,medium,low,7,name.com,,,18/08/2026 06:07
3cec81b3-9df8-4dbf-ad2d-8bfb7017cbd3,kuban.fun,premium,250.2,,medium,low,5,unstoppable,,,03/10/2026 05:28
c4172a71-3fb9-41b5-8496-11443d854ba2,governed.fun,resell,,,high,low,8,,,,30/09/2026 09:56
12dc89f5-a042-4997-9901-3cac2a6c586b,ratter.fun,premium,78.12,312.5,low,low,6,name.com,,,06/08/2026 04:00
9ab428cc-3d07-43ef-a7d0-bcadec25a210,freezes.fun,premium,250.2,,medium,low,7,unstoppable,,,02/10/2026 12:39
51091382-4709-4c20-9ff6-66909cfaaa0a,drumhead.fun,available,3.98,33.48,medium,low,8,namecheap,,,14/08/2026 20:15
6884f516-db28-433f-998c-e868a7f5f468,classes.fun,premium,325,1300,medium,low,7,namecheap,,,27/09/2026 23:47
57904e1b-5114-4720-b6e2-8a26ad8f6793,skeleton.fun,premium,273.44,1092.18,high,low,8,porkbun,,,28/09/2026 10:56
f5e2df9c-91c7-4323-8a8f-7c0bfebe72ac,arbour.fun,available,2.99,41.99,medium,low,6,namesilo,,,20/09/2026 00:58
8eea6eb8-e74b-4f4b-9b96-9860cc4abe94,rococo.fun,premium,81.25,325,high,low,6,namecheap,,,09/09/2026 18:12
73e3db14-ad22-4e10-9a43-c93947dda5e6,favoring.fun,available,3.98,33.48,high,low,8,namecheap,,,02/10/2026 18:12
95aad8e9-363b-469d-8b91-28571d700914,chatham.fun,premium,302.5,302.5,medium,low,7,namesilo,,,25/09/2026 15:25
64915ab4-9acd-40c2-b517-c8e82b393480,exotic.fun,premium,312.5,1250,high,low,6,name.com,,,17/08/2026 17:49
bcf517d6-2468-4d0d-b9f9-7221bffa5cd3,gretchen.fun,premium,68.75,275,high,low,8,dynadot,,,29/09/2026 09:29
13317578-222f-4bef-8cb8-7a7094b7d600,nist.fun,premium,302.5,302.5,high,low,4,namesilo,,,29/09/2026 19:44
7351bb3f-eeab-4f9c-a00f-d0c371872a27,smoking.fun,premium,3450,3450,high,low,7,namesilo,,,27/09/2026 23:20
69dce29b-0522-4cd5-aa30-43bac22a9a2a,howling.fun,premium,78.12,312.5,high,low,7,name.com,,,21/08/2026 14:24
c732c765-e7be-4c07-9b33-9deb8d4180d9,virtue.fun,premium,3450,3450,high,low,6,namesilo,,,28/09/2026 10:22
39f7d53a-1942-4fd8-ae17-4ad38d359eb0,renewing.fun,available,2.99,41.99,high,low,8,namesilo,,,09/09/2026 14:06
3654bd71-ddcd-4abe-8921-6d643113be21,dogwoods.fun,available,2.99,41.99,medium,low,8,namesilo,,,20/09/2026 13:05
346b1e78-1ef9-4ed6-a547-b1c90b257ea3,inshore.fun,premium,78.12,312.5,medium,low,7,name.com,,,22/08/2026 06:53
543b18af-2ed3-4491-8c27-c670dc738b84,snuffly.fun,available,2.99,41.99,high,medium,7,namesilo,,,10/09/2026 12:37
ee1c4d5b-63c7-4fab-bcf7-f80790db89d1,creative.fun,premium,6900,6900,high,medium,8,namesilo,,,01/10/2026 01:41
1e64634a-2724-4598-8254-013be889ce1b,asparagine.fun,available,3.98,33.48,medium,low,10,namecheap,,,20/09/2026 14:39
f911758a-e4d6-4bc3-9e7a-53a39b95ea64,condensed.fun,premium,250.2,,medium,low,9,unstoppable,,,01/10/2026 06:05
be3ec02e-c0ca-4587-b057-3c10cb7c4d04,manchurian.fun,available,2.99,41.99,high,low,10,namesilo,,,24/08/2026 14:34
0c4e7561-f6c1-455f-a5e6-80f15a98e2cb,rory.fun,premium,258.95,1035.2,medium,low,4,spaceship,,,28/09/2026 03:38
ba8bb3e9-3988-497e-9964-6b1e53dcb492,sacrificing.fun,available,2.99,41.99,medium,low,11,namesilo,,,30/09/2026 14:38
71a7e592-9bda-42d0-97f8-685555912307,cislunar.fun,available,2.99,41.99,medium,low,8,namesilo,,,12/08/2026 08:30
b213ea82-80d9-4311-a2b5-ef6c98577bd5,mansard.fun,premium,78.12,312.5,medium,low,7,name.com,,,24/08/2026 15:30
7ed2fb04-dd28-4018-a9e3-b9aecc582649,chestnuts.fun,available,3.98,33.48,medium,low,9,namecheap,,,20/09/2026 20:45
825f8f3e-be5b-43de-aa40-779d80969be5,gangster.fun,premium,6900,6900,medium,low,8,namesilo,,,28/09/2026 09:51
0765f60c-df59-4e27-b652-2e3059ad18b0,voip.fun,premium,1293.95,5175.2,high,low,4,spaceship,,,01/10/2026 22:33
572d7089-2001-4ed9-b6ad-2bd1a6268b15,curled.fun,resell,,,medium,low,6,"WEDOS Internet, a.s.",12/03/2026 23:47,12/03/2027 23:59,26/09/2026 05:22
f9b951d9-e886-4560-b9aa-cebab88dee5d,dickerson.fun,available,2.57,31.41,medium,low,9,porkbun,,,29/09/2026 09:51
5d4fa427-b5d9-418c-9952-e23a0a18bade,jane.fun,premium,640,640,high,low,4,namesilo,,,25/09/2026 11:44
8386f0e0-269a-4434-a8ec-5cbcc1da0195,complexity.fun,resell,,,high,low,10,"Chengdu West Dimension Digital Technology Co., Ltd.",13/05/2026 07:06,13/05/2027 07:06,26/09/2026 05:09
d06907a4-0cd5-40d4-903f-0c93a0e3f5d0,glamorgan.fun,available,3,,medium,low,9,unstoppable,,,29/09/2026 21:59
b660c43b-24a7-417d-854b-04316d8fce3b,valor.fun,resell,,,high,low,5,,,,30/09/2026 17:26
53b568b5-0ed8-401f-b7ed-4ab98088a978,profitability.fun,available,2.99,41.99,high,low,13,namesilo,,,30/09/2026 13:44
c503edf6-cdb6-44aa-a682-71a02eb04d57,influence.fun,premium,325,1300,high,low,9,namecheap,,,08/09/2026 08:44
66a2a5eb-e7d2-43e4-91f2-17614e053ce4,improves.fun,premium,68.75,275,medium,low,8,dynadot,,,01/10/2026 18:23
ee7aad46-be93-4ef8-9902-6d377bfffd0a,unexpired.fun,available,2.99,41.99,medium,low,9,namesilo,,,12/09/2026 09:38
9fea02aa-69d3-4750-b2d5-d81c5c2bd1c8,fivefold.fun,premium,78.12,312.5,medium,low,8,name.com,,,18/08/2026 05:56
b818fb3f-e56e-4af8-bf23-558cbc606a1a,habilitate.fun,premium,81.25,325,medium,low,10,namecheap,,,19/09/2026 20:06
e4db24c1-d165-46a9-af8f-ad30d55fc1d7,maugham.fun,available,2.99,41.99,medium,low,7,namesilo,,,03/10/2026 01:35
a3c85eef-d65b-4f3c-8f75-5f26e4f67481,rested.fun,premium,64.89,258.95,high,low,6,spaceship,,,27/09/2026 12:50
aa139546-9e08-457d-b7c8-d2861ea6680a,sublunar.fun,available,2.99,41.99,medium,low,8,namesilo,,,12/08/2026 08:27
99e5a5e1-2a75-4ad2-a617-51c2c14bc154,wps.fun,premium,162.5,650,high,low,3,namecheap,,,03/10/2026 05:34
52c9333d-5456-4898-942d-8af946ffabae,sucker.fun,premium,302.5,302.5,high,low,6,namesilo,,,18/09/2026 08:56
f88cdba4-9679-4dd6-ba36-3797a783c400,successes.fun,available,2.99,41.99,medium,low,9,namesilo,,,
63cace22-24ce-4ee2-ba0d-4e6590099435,lecherous.fun,premium,78.12,312.5,medium,low,9,name.com,,,22/08/2026 22:17
9e92e812-8941-4e66-8b62-5587538580ec,horary.fun,premium,78.12,312.5,medium,low,6,name.com,,,21/08/2026 13:58
9dd2d20d-6126-42d9-99e8-fad1709a7cd6,chock.fun,available,2.99,41.99,medium,low,5,namesilo,,,14/09/2026 06:47
2d93b61c-2278-49c7-b63f-9d2ac9e6c723,refining.fun,available,2.99,41.99,high,low,8,namesilo,,,02/10/2026 16:33
6eb681e2-80eb-41ec-a3e5-4e1b72d6f54a,creatures.fun,premium,302.5,302.5,high,low,9,namesilo,,,27/09/2026 03:06
69e70956-eade-4479-8e09-f9b701fc81d7,eastmost.fun,available,2.99,41.99,medium,low,8,namesilo,,,14/08/2026 22:57
d9f10750-03e2-4351-93b6-e8f592a746bb,devilish.fun,premium,78.12,312.5,medium,low,8,name.com,,,14/08/2026 05:06
ed5f0aa2-dfc4-4132-a675-ece7f6b6e73d,demure.fun,premium,78.12,312.5,high,low,6,name.com,,,13/08/2026 04:10
569fb63e-80c7-4924-a542-3afdd4376c55,trice.fun,premium,78.12,312.5,medium,low,5,name.com,,,22/08/2026 07:32
4db60a1b-6160-4e8e-87a7-1b029e904326,phones.fun,premium,812.5,3250,high,low,6,namecheap,,,20/09/2026 09:31
37848b36-4eae-40bd-badf-2389f16560aa,prakash.fun,premium,302.5,302.5,medium,low,7,namesilo,,,29/09/2026 15:19
41968c70-8f7e-4928-9268-181e65b39236,hsi.fun,premium,64.89,258.95,medium,low,3,spaceship,,,02/10/2026 10:52
ab51ec85-94a6-4657-97aa-68340c4f1012,vacate.fun,premium,64.89,258.95,medium,low,6,spaceship,,,01/10/2026 19:06
30334ef0-a5d0-482c-9ad1-3f4db6c88afe,gripe.fun,premium,302.5,302.5,medium,low,5,namesilo,,,23/09/2026 00:19
5285bc08-9e46-438d-9606-07965f42a73a,viridity.fun,available,2.99,41.99,high,low,8,namesilo,,,20/08/2026 19:47
f40e3ae1-7a5b-4f36-80de-a0e9fcedc004,mata.fun,premium,258.95,1035.2,medium,low,4,spaceship,,,28/09/2026 21:09
fd7b5d79-0b81-409e-9907-acc7c41dc6aa,uniformed.fun,available,2.99,41.99,medium,low,9,namesilo,,,12/09/2026 12:57
3c678ee6-ea48-4e09-981f-46f60e08cb0e,beauteous.fun,available,2.99,41.99,medium,low,9,namesilo,,,09/08/2026 05:58
93663343-3f14-4f3a-88a6-dc709c518467,ismael.fun,premium,302.5,302.5,medium,low,6,namesilo,,,03/10/2026 05:05
497ddbe5-525e-4f0c-907d-d86ef904e79b,unplayable.fun,available,2.99,41.99,medium,low,10,namesilo,,,12/09/2026 16:54
9b5c727b-5743-4b52-b819-2fea40f25c3c,pruitt.fun,premium,64.89,258.95,medium,low,6,spaceship,,,02/10/2026 00:43
c129e72b-79c8-4fed-beca-586ccb2e48a4,pulseless.fun,available,2.99,41.99,high,medium,9,namesilo,,,09/09/2026 05:58
bb10276d-54b1-4d0b-96ad-52013d14ef8a,thrilly.fun,available,3.98,33.48,medium,low,7,namecheap,,,18/09/2026 19:36
4364236c-7931-422c-8c82-3854dddf922c,soy.fun,premium,258.95,1035.2,high,low,3,spaceship,,,29/09/2026 12:51
3507ce25-0d02-4e75-ac9b-54083e3842a5,intro.fun,premium,6900,6900,high,low,5,namesilo,,,30/09/2026 00:18
a0afbb77-d584-482a-89b2-6b2a3e3da06b,monitory.fun,premium,78.12,312.5,medium,low,8,name.com,,,
1021f130-bc55-40af-877e-29ecd0da2d79,slain.fun,premium,81.25,325,medium,low,5,namecheap,,,10/09/2026 09:53
523fd9d3-c902-4843-b7ac-9f586e5a2c6d,vosges.fun,premium,250.2,,medium,low,6,unstoppable,,,02/10/2026 09:42
0bfb42e0-36eb-429b-ba1c-dc910f7ddde2,assignee.fun,available,3.98,33.48,medium,low,8,namecheap,,,20/09/2026 16:23
2b8b4469-1607-4916-9a6f-2db195873bb0,unashamed.fun,premium,81.25,325,high,low,9,namecheap,,,12/09/2026 01:08
97c108c9-58d9-4103-b2e5-5fc2c434bf7a,islamic.fun,premium,312.5,1250,high,low,7,name.com,,,22/08/2026 10:50
0ddd10ed-bc81-4d00-8924-96b0d23be6ec,farmstand.fun,available,2.99,41.99,medium,low,10,namesilo,,,03/10/2026 02:04
36edaa7b-fd79-434c-93d8-8fa17602eaf8,factitious.fun,available,3.98,33.48,medium,low,10,namecheap,,,17/08/2026 20:27
736b0617-3c90-4fc6-a57e-e546178e6f4a,erst.fun,premium,78.12,312.5,medium,low,4,name.com,,,17/08/2026 13:07
ad3cd5ee-7858-4e82-b208-03ed2e5c6d42,zohar.fun,premium,162.5,650,medium,low,5,namecheap,,,03/10/2026 04:46
73634bf6-8d22-4595-aafa-0ff4e4d7ffa4,titanium.fun,premium,3450,3450,high,low,8,namesilo,,,20/09/2026 22:34
6c7094c5-6544-45e1-9b09-3b1c020f00c2,livingston.fun,premium,302.5,302.5,high,low,10,namesilo,,,25/09/2026 09:01
6ef032d7-22be-4ade-bade-462f11cc75ea,pans.fun,premium,302.5,302.5,medium,low,4,namesilo,,,18/09/2026 08:22
e5943cf6-19ee-4918-9c30-3119e4b0f56f,tore.fun,premium,302.5,302.5,medium,low,4,namesilo,,,30/09/2026 03:02
6ff4dd90-18ec-410d-b18b-f9ce485f1f69,voguish.fun,available,2.99,41.99,high,low,7,namesilo,,,12/08/2026 04:42
621853e6-c8f3-47cd-9873-65ae122cabba,parental.fun,premium,81.25,325,high,low,8,namecheap,,,08/09/2026 01:14
0dd6853d-609d-4e30-97e1-3412ca33ee37,migrated.fun,premium,64.89,258.95,medium,low,8,spaceship,,,02/10/2026 21:27
832c41b5-e11d-4dd5-b428-ead3e769970d,tonsorial.fun,premium,81.25,325,medium,low,9,namecheap,,,11/09/2026 17:12
ba092e0a-28ea-4ea6-89d8-277ad3d92860,osu.fun,premium,640,640,high,low,3,namesilo,,,01/10/2026 11:42
e2ae61cb-89ff-42c5-a02c-322e7fa9626a,pretending.fun,premium,64.89,258.95,high,low,10,spaceship,,,30/09/2026 07:14
87963918-f6ad-4e41-9ddd-19a02a0f3dba,shod.fun,premium,78.12,312.5,medium,low,4,name.com,,,11/08/2026 13:43
dba0c09a-4672-4996-acf3-a4b5200fafd4,cocktail.fun,premium,1293.95,5175.2,high,low,8,spaceship,,,02/10/2026 10:27
e6754c77-1290-4ead-8d4a-9ca627882577,searing.fun,available,2.99,41.99,medium,low,7,namesilo,,,10/09/2026 00:54
9706d94b-a44c-491e-9665-6895a0ebaf85,pending.fun,premium,302.5,302.5,high,low,7,namesilo,,,27/09/2026 03:20
f2dbd873-1e68-4770-893b-ab880c32e1d3,phone.fun,premium,1293.95,5175.2,high,low,5,spaceship,,,29/09/2026 17:28
ea2122f8-c3e9-450d-9f6c-79c8ad5bf334,coaster.fun,premium,68.75,275,high,low,7,dynadot,,,28/09/2026 18:46
4542b48b-0746-4675-9594-a94d1b5aebab,nudity.fun,premium,3450,3450,medium,low,6,namesilo,,,30/09/2026 02:22
f0684fe2-2d1a-4231-b84c-37c7e627a0d0,defects.fun,available,3.98,33.48,low,low,7,namecheap,,,30/09/2026 07:05
0000bed8-e7a5-4f5b-be5f-c9321500a4e8,bleached.fun,premium,78.12,312.5,medium,low,8,name.com,,,10/08/2026 13:52
aa240882-a25e-4797-8cec-f430c4ca3181,anaphora.fun,available,2.99,41.99,medium,low,8,namesilo,,,19/09/2026 02:13
22fb82ac-f34b-49e1-8c95-793af7f939c1,tennyson.fun,available,3.98,33.48,medium,low,8,namecheap,,,18/09/2026 06:38
477108be-6e49-4d6e-b428-4534e71147f5,understand.fun,premium,64.89,258.95,high,low,10,spaceship,,,30/09/2026 18:59
55079a8d-4d30-4d0a-a500-603714aa5468,shoot.fun,premium,325,1300,high,low,5,namecheap,,,01/10/2026 20:21
1df141b3-1e70-4723-875f-6b2dd6c870c5,montfort.fun,premium,,,medium,low,8,,,,30/09/2026 01:27
99841e9d-5559-42d4-ae7f-a13402f4ab36,leg.fun,premium,258.95,1035.2,high,low,3,spaceship,,,30/09/2026 02:45
6cf4371d-a760-4c3c-9182-12c76e031e22,profitable.fun,premium,302.5,302.5,high,low,10,namesilo,,,27/09/2026 07:05
4739b4f0-2e53-4ad6-8dc0-c0a87959b143,malian.fun,premium,78.12,312.5,high,low,6,name.com,,,24/08/2026 14:00
2bebd8fb-ea7e-4153-a5c9-3aa7450b96e6,ursine.fun,available,2.99,41.99,low,low,6,namesilo,,,12/09/2026 23:53
cc590b4e-f964-4818-a4b0-5f60dfb4cef9,underserved.fun,available,3.5,32.32,medium,low,11,dynadot,,,30/09/2026 03:54
817c5bd3-6bff-402d-a375-24bed4415646,confucian.fun,available,3.98,33.48,high,low,9,namecheap,,,12/08/2026 21:15
1f76d5e8-99b8-4bcf-879d-d72994aebadd,delete.fun,premium,2750,11000,high,low,6,dynadot,,,29/09/2026 14:11
b78a6cee-8fa3-4f87-a534-ecd216f48b58,miniature.fun,premium,156.25,625,high,low,9,name.com,,,24/08/2026 23:48
031ee800-08e7-48b8-b826-8dffe63cacbc,rowell.fun,available,3.5,32.32,medium,low,6,dynadot,,,01/10/2026 11:02
6dea8d2b-fc40-49c9-8484-bcbfb1b49f9b,escorting.fun,premium,64.89,258.95,high,low,9,spaceship,,,02/10/2026 18:17
c03dfc61-0e34-4b7d-8a09-afb7524bce41,williamstown.fun,premium,81.25,325,medium,low,12,namecheap,,,29/09/2026 22:48
c07d0eab-e7c0-4294-9ef6-159b1e27ac44,convolve.fun,premium,78.12,312.5,medium,low,8,name.com,,,13/08/2026 00:01
483f6130-34bd-4b69-902d-45b6c4eed96b,contested.fun,available,2.99,41.99,medium,low,9,namesilo,,,23/09/2026 22:01
fba1ef6f-c1ba-4254-9659-8fc74a6c74d0,ceremonial.fun,available,3.98,33.48,high,low,10,namecheap,,,19/09/2026 15:03
75484176-2f24-4ad3-9dad-7899ddd94780,alborg.fun,available,2.99,41.99,medium,low,6,namesilo,,,16/09/2026 13:12
86fde821-fcf8-48f7-bccb-73d0263682fc,abiders.fun,available,2.99,41.99,high,low,7,namesilo,,,18/09/2026 03:55
19be74cc-3810-4b98-a370-b9eceaf3bf94,owl.fun,premium,1625,6500,high,medium,3,namecheap,,,23/09/2026 20:08
7c7da276-dfca-401c-975b-1bd6931389e3,southey.fun,available,1.73,31.25,medium,low,7,spaceship,,,01/10/2026 21:34
9e4c2005-8a1f-46d8-a9f4-2bb8637af6ed,feynman.fun,premium,129.58,517.7,high,low,7,spaceship,,,02/10/2026 04:50
664e0b44-7629-47eb-8f11-a562a8b308e5,unfrozen.fun,available,2.99,41.99,medium,low,8,namesilo,,,12/09/2026 10:54
ed019b65-ba72-49cc-a01a-1472c6e3e0c7,dreary.fun,premium,78.12,312.5,medium,low,6,name.com,,,14/08/2026 11:47
421fd2b0-28cc-4358-bd3a-562a0e031bb7,lavender.fun,premium,78.12,312.5,high,low,8,name.com,,,22/08/2026 21:02
e3408f7b-9554-44b2-af7e-1fcefe5b0f07,twinkly.fun,premium,78.12,312.5,medium,low,7,name.com,,,09/08/2026 04:13
38a3c7a2-2409-4279-9e88-9096db597729,deluge.fun,premium,302.5,302.5,medium,low,6,namesilo,,,24/09/2026 16:03
14a50ffb-d26b-4061-bb34-36f2a8510a9f,ploy.fun,premium,1107,1107,high,low,4,namesilo,,,02/10/2026 15:26
ef7f2843-c28e-4ec9-8fc0-0ecba56ae39d,mandarin.fun,premium,1107,1107,high,low,8,namesilo,,,23/09/2026 04:17
70d074bc-89ae-4fdd-b290-22d74456b755,shelves.fun,premium,64.89,258.95,medium,low,7,spaceship,,,29/09/2026 16:26
2ba83226-60b2-4b69-afa0-1ed491f37a81,vos.fun,premium,129.58,517.7,medium,low,3,spaceship,,,29/09/2026 17:24
ca0f8438-d0e9-4c07-ae32-43d02a2ee20f,execution.fun,available,1.73,31.25,high,low,9,spaceship,,,29/09/2026 07:21
1b7ca721-c70c-41fd-bd67-5bb0287f6f2f,bbb.fun,premium,,,high,low,3,,,,01/10/2026 23:02
58b9ce00-9773-4b8e-8d72-9202e39a8d01,fiddling.fun,premium,78.12,312.5,medium,low,8,name.com,,,18/08/2026 03:28
0049a9e0-e581-4d01-8eb2-4645f17bb620,tillable.fun,available,2.99,41.99,medium,low,8,namesilo,,,06/08/2026 11:25
0084d833-f9e3-491d-b916-37c2ad1d6618,deanna.fun,premium,64.89,258.95,medium,low,6,spaceship,,,03/10/2026 05:08
3760d810-7bd8-439d-8d20-6805a0ba3d09,attain.fun,resell,,,high,low,6,,,,30/09/2026 10:56
95218b32-8672-4507-8616-6b3f8630cbe2,timid.fun,premium,78.12,312.5,medium,low,5,name.com,,,11/08/2026 22:46
d67e2c64-c6ab-4096-a3a9-a60b8c0acdee,burnett.fun,premium,302.5,302.5,medium,low,7,namesilo,,,25/09/2026 03:44
d1a4f9b2-4119-49e4-91c9-54376dd8ff65,embarrassing.fun,available,2.99,41.99,medium,low,12,namesilo,,,27/09/2026 06:37
0c4c3fff-0fd1-45a8-ba03-93a3df14b1b6,chian.fun,premium,78.12,312.5,medium,low,5,name.com,,,12/08/2026 04:34
569abd19-da49-468c-8b3b-bf0c73272643,splendidly.fun,premium,81.25,325,medium,low,10,namecheap,,,14/09/2026 16:44
ba690fa2-0105-4c17-8a04-999cf6196ea0,confounded.fun,available,2.99,41.99,medium,low,10,namesilo,,,07/08/2026 11:57
8e99a6fc-0365-4d60-8b8c-b8c3a2e08099,codes.fun,premium,136.98,546.35,high,low,5,porkbun,,,02/10/2026 08:55
c707293c-8cd8-4f98-a72d-6f312df5c954,brimless.fun,available,2.99,41.99,medium,low,8,namesilo,,,11/08/2026 04:13
6d3c093a-4f29-430d-9101-827a4aa8a021,lunchboxes.fun,premium,81.25,325,medium,low,10,namecheap,,,21/09/2026 09:13
b9e04ffc-1c63-4970-ac4a-7803492395ce,hipped.fun,available,2.99,41.99,medium,low,6,namesilo,,,21/08/2026 09:41
dbee2fa7-7cd1-46f7-bae9-6a7466c467fe,nagging.fun,premium,81.25,325,medium,low,7,namecheap,,,03/09/2026 12:41
fde51459-cef7-4a45-bbab-2b47dcee5536,reddened.fun,available,2.99,41.99,high,medium,8,namesilo,,,09/09/2026 12:10
95633ab4-4578-4724-8e9c-b1ffe488afc3,general.fun,premium,78.12,312.5,high,low,7,name.com,,,18/08/2026 21:23
e744f2aa-c2ec-4452-bced-c26f54155b21,baud.fun,premium,302.5,302.5,medium,low,4,namesilo,,,22/09/2026 16:32
05868c14-d718-46db-91d3-22470c7a0a44,censorship.fun,premium,,,medium,low,10,,,,29/09/2026 06:17
0681d9cf-b2f4-44ed-9397-44327bb7dfa6,ulm.fun,premium,68.75,273.44,medium,low,3,porkbun,,,29/09/2026 09:33
799c7270-f7e9-432b-84c8-c5bd75601c05,crassus.fun,available,3,,medium,low,7,unstoppable,,,02/10/2026 00:48
230635ff-0a73-4f6e-a11e-c4ea96549c7e,colman.fun,available,2.99,41.99,medium,low,6,namesilo,,,29/09/2026 04:11
59e57389-251e-442e-9f39-0e52d318b0ff,diskette.fun,available,2.99,41.99,medium,low,8,namesilo,,,18/08/2026 08:53
8cc8da9d-b763-4f56-9480-8d87bf1b3f81,aflare.fun,available,2.99,41.99,medium,low,6,namesilo,,,
3bc76e3d-4675-47e9-bb63-eda0614b4477,flourishing.fun,premium,64.89,258.95,high,low,11,spaceship,,,01/10/2026 22:26
2e1a260b-127a-4515-9565-0b639b11e61e,cbc.fun,premium,640,640,high,low,3,namesilo,,,28/09/2026 00:59
1c1eb55f-172b-43a1-852c-da3d47d3b2af,prototypal.fun,available,2.99,41.99,medium,low,10,namesilo,,,06/08/2026 15:37
ee7b0ef5-957c-4533-adf1-75b3cca05598,contemplating.fun,premium,302.5,302.5,low,low,13,namesilo,,,18/09/2026 04:50
aeb41139-ff54-43c8-a95e-ac022dc5dd05,nonchalant.fun,premium,78.12,312.5,high,low,10,name.com,,,11/08/2026 20:36
e248be5e-a109-4cd1-9d7f-633f8bb4a01d,romantic.fun,premium,3450,3450,high,low,8,namesilo,,,22/09/2026 03:28
ff986e77-7c95-4c57-9bff-f88941ce42a1,forages.fun,available,1.73,31.25,low,low,7,spaceship,,,02/10/2026 13:27
578fa49a-362b-4d82-a43b-70c712339ab0,marseilles.fun,available,3.98,33.48,high,low,10,namecheap,,,02/10/2026 16:05
cf9c5b29-7c8a-4fa8-89c7-ac0de3aef03d,playing.fun,premium,3450,3450,high,low,7,namesilo,,,02/10/2026 00:28
71f01d61-7565-4e83-9871-505304f016dd,groomed.fun,premium,78.12,312.5,high,low,7,name.com,,,20/08/2026 20:15
e3055bb3-b685-4b9f-9577-3def4f8274eb,mired.fun,premium,78.12,312.5,medium,low,5,name.com,,,25/08/2026 01:04
c575a8d3-bb1b-4470-b18a-f2e132e9c8bc,aeolus.fun,premium,640,640,medium,low,6,namesilo,,,17/09/2026 12:36
be85ee31-f3c0-43f4-a064-980569cb9ff7,acknowledge.fun,premium,64.89,258.95,high,low,11,spaceship,,,01/10/2026 00:33
ae6bd40d-ee3e-436c-959d-c372405bf634,foaming.fun,premium,78.12,312.5,high,low,7,name.com,,,11/08/2026 07:18
7a569924-53c6-4ec6-a889-76a82121947e,considerate.fun,premium,,,high,low,11,,,,01/10/2026 04:44
08f090bc-9ba8-4d31-8d0b-c3be5b558a3d,calcium.fun,premium,640,640,high,low,7,namesilo,,,20/09/2026 22:32
f3400304-680b-4e5a-a6ea-f514ce680e2d,skateboarding.fun,premium,312.5,,high,low,13,name.com,,,
6e874a10-f506-4344-b6fd-67a58a72c0d2,accessories.fun,premium,129.58,517.7,medium,low,11,spaceship,,,01/10/2026 18:53
b2c8343c-389a-4395-b88e-1500b7c62fa3,farseeing.fun,available,2.99,41.99,medium,low,9,namesilo,,,14/08/2026 22:22
9d8bdc77-9be5-427d-aa11-debf7935e78a,vibrating.fun,premium,1107,1107,medium,low,9,namesilo,,,30/09/2026 14:24
90303da5-91cc-4430-94b3-84d411f57f13,demoralize.fun,available,2.99,41.99,medium,low,10,namesilo,,,13/08/2026 02:16
59a57107-136b-44ad-9f1d-7231a9761886,snobbish.fun,premium,78.12,312.5,medium,low,8,name.com,,,12/08/2026 11:21
49cf9241-a333-4f29-a6d6-81641f821410,gelid.fun,premium,78.12,312.5,medium,low,5,name.com,,,18/08/2026 21:05
9c8fbb2b-6695-4243-a7f2-0f3fc65fb476,fremantle.fun,premium,64.89,258.95,medium,low,9,spaceship,,,29/09/2026 23:48
c3d4b492-8cba-4e9c-80a8-c5e12ec22c2d,absorbent.fun,available,2.99,41.99,high,low,9,namesilo,,,
0db44e17-15f8-45d8-b17b-973b82b14718,piggy.fun,resell,,,high,low,5,"GoDaddy.com, LLC",17/02/2024 16:03,17/02/2027 23:59,26/09/2026 08:09
d76264b0-f9fc-4eb7-8ec7-b581ab0bc7e0,inquirer.fun,premium,302.5,302.5,medium,low,8,namesilo,,,20/09/2026 14:22
e8b5a136-32f1-4b3e-910f-62793801eca5,tagore.fun,available,2.99,41.99,high,low,6,namesilo,,,30/09/2026 02:38
f5263121-983c-4b56-be72-d3005d91f0b6,casas.fun,premium,129.58,517.7,medium,low,5,spaceship,,,28/09/2026 23:52
570486f7-a536-49b1-981c-06447b023847,gettysburg.fun,premium,302.5,302.5,medium,low,10,namesilo,,,22/09/2026 15:05
1328dbd5-0d8e-4f74-a3a4-52833e7ea115,regulated.fun,premium,81.25,325,high,low,9,namecheap,,,09/09/2026 13:06
1b276c20-6fdc-4004-9bab-34c9b7dd7793,persecuted.fun,premium,302.5,302.5,low,low,10,namesilo,,,30/09/2026 06:36
974740fe-1606-47ba-aa7c-f563bf404392,gloria.fun,premium,3450,3450,high,low,6,namesilo,,,27/09/2026 02:39
57d4bada-aa8f-4878-9bd8-123cb5c7bfbf,psycho.fun,premium,1107,1107,high,low,6,namesilo,,,27/09/2026 07:59
aa6895ef-8f28-470f-a08f-f382a85eeedb,nikolai.fun,premium,129.58,517.7,high,low,7,spaceship,,,27/09/2026 20:11
781786b7-2888-4e69-8f76-abc54e0fba48,roxanne.fun,premium,129.58,517.7,high,low,7,spaceship,,,01/10/2026 23:46
f520e9d1-381b-490d-a3af-3700665b12f0,tracey.fun,premium,64.89,258.95,medium,low,6,spaceship,,,28/09/2026 21:51
0aab0b72-8de5-45ea-821c-1e3df647f1c0,swimsuit.fun,premium,640,640,high,low,8,namesilo,,,22/09/2026 13:37
5adde0bd-343e-45be-9e81-5014c319d8a9,meters.fun,premium,68.75,273.44,medium,low,6,porkbun,,,28/09/2026 05:01
9958ec7c-7bc1-4f69-9c21-f6c542f53770,dysphoric.fun,available,2.99,41.99,medium,low,9,namesilo,,,14/08/2026 22:07
66365ed7-661c-4cc3-b212-f472b130f529,weather.fun,premium,1625,6500,high,medium,7,namecheap,,,23/09/2026 02:29
140f5bb9-e8ef-4f75-af5f-b1880f72f57a,specification.fun,premium,78.12,,high,low,13,name.com,,,03/10/2026 05:56
96f2cec2-2eee-4356-b37e-c5d196144586,rationale.fun,premium,68.75,273.44,high,low,9,porkbun,,,02/10/2026 16:29
f2f5ac0b-3337-4a6e-9f78-4e213163c570,nlrb.fun,available,2.99,41.99,medium,low,4,namesilo,,,29/09/2026 13:32
1b7799f9-2049-4268-8d59-7a01a875519c,songster.fun,premium,302.5,302.5,high,low,8,namesilo,,,21/09/2026 22:38
87cb01f2-0ee7-4c01-9d18-586a32b45faf,fungal.fun,premium,78.12,312.5,medium,low,6,name.com,,,18/08/2026 18:28
5d9d9b79-1bdc-49e7-8170-2443ca7d7df9,humid.fun,premium,78.12,312.5,high,low,5,name.com,,,21/08/2026 15:17
5cdbb2a2-ea76-4e20-87e7-7108857a2f9f,fuscous.fun,available,3.98,33.48,medium,low,7,namecheap,,,18/08/2026 19:02
1f511bd8-d6fe-40b4-9bfc-b3759b6512a3,riffle.fun,premium,81.25,325,medium,low,6,namecheap,,,12/09/2026 08:36
254946bb-7475-43d2-a7a3-53afcce9ebdd,aalst.fun,available,2.99,41.99,medium,low,5,namesilo,,,16/09/2026 13:16
42d939f8-06ad-4869-8c04-fd0bf370be96,boned.fun,premium,78.12,312.5,medium,low,5,name.com,,,10/08/2026 18:34
216a0c01-3da9-4269-b990-11bd36929ac9,modernist.fun,available,2.99,41.99,high,low,9,namesilo,,,27/09/2026 04:47
fb317c38-4285-4652-beb2-37421b44eb97,christ.fun,premium,258.95,1035.2,high,low,6,spaceship,,,29/09/2026 09:03
0128439b-bd04-4d30-abbf-94e2f9142c37,frosted.fun,premium,78.12,312.5,high,low,7,name.com,,,18/08/2026 16:22
361f4bbe-8d31-4709-bb7d-5cb5e3624fc4,wulfila.fun,available,2.99,41.99,medium,low,7,namesilo,,,23/09/2026 21:57
96f287c0-17c3-4389-b213-a9a42d9d337a,cloaks.fun,available,4.99,59.99,medium,low,6,name.com,,,17/09/2026 14:28
12fc2627-ba37-4d46-ba6a-a8c7a006c72e,paced.fun,premium,302.5,302.5,medium,low,5,namesilo,,,18/09/2026 10:44
409a44ce-480b-4e9d-9be8-14b04e9aac9b,elapsed.fun,premium,78.12,312.5,medium,low,7,name.com,,,16/08/2026 00:41
58a72960-eeda-4e93-9a17-9a360926d53e,fleshly.fun,premium,78.12,312.5,medium,low,7,name.com,,,
92b1b69d-6673-40fc-bc82-9bf867927c16,confine.fun,premium,64.89,258.95,medium,low,7,spaceship,,,02/10/2026 15:57
658e8d75-7144-40fa-a2d8-f692238937fe,functioning.fun,premium,250.2,,medium,low,11,unstoppable,,,28/09/2026 21:19
be56a368-da26-4235-9f1c-1211240e5ec6,proponent.fun,available,2.99,41.99,high,low,9,namesilo,,,17/09/2026 11:45
be1fe82e-801a-48f3-ba6b-74de2481acac,solidarity.fun,resell,,,high,low,10,,,,30/09/2026 02:56
38740128-0781-4479-9284-574200317af3,coeval.fun,premium,78.12,312.5,medium,low,6,name.com,,,12/08/2026 15:28
be1b6a03-bc04-4749-8161-56ad6e371499,aigret.fun,available,3.98,33.48,medium,low,6,namecheap,,,17/09/2026 20:56
94d1944c-64dc-48c1-a530-795497072201,mfr.fun,premium,,,medium,low,3,,,,01/10/2026 07:03
c045eb82-9f06-46b2-9c06-50ceed835a0d,hanukkah.fun,premium,647.08,2587.7,high,low,8,spaceship,,,29/09/2026 08:04
4e5c131f-265f-4ba8-a1b5-f4a6466c78a3,stoddard.fun,available,2.99,41.99,medium,low,8,namesilo,,,29/09/2026 09:50
6e451f21-3ab8-4da6-9a4a-b11956218363,anz.fun,premium,250.2,,high,medium,3,unstoppable,,,02/10/2026 20:34
e59ed6d7-1ac6-4fe6-980a-0095df9461f2,nafta.fun,premium,302.5,302.5,medium,low,5,namesilo,,,29/09/2026 07:38
9ebdf83d-f6c2-491e-95ee-01ecd55d963c,jutting.fun,available,2.99,41.99,medium,low,7,namesilo,,,22/08/2026 14:44
1816b6b8-dc68-4ac6-9db7-fed740b0e0e4,smoggy.fun,premium,81.25,325,medium,low,6,namecheap,,,10/09/2026 11:52
e107a61d-7fcb-437e-9955-202ec1dc6a9e,cubs.fun,premium,302.5,302.5,high,medium,4,namesilo,,,29/09/2026 17:24
6660daf5-5443-4677-8931-0f74ba669c86,organist.fun,available,2.99,41.99,high,low,8,namesilo,,,02/10/2026 16:16
dba8b80a-6143-44df-8d18-94352d5dd3b0,tin.fun,premium,1293.95,5175.2,high,low,3,spaceship,,,28/09/2026 23:00
ef0f77ad-c7bc-466a-9f5b-d561f1591d3d,missional.fun,premium,78.12,312.5,medium,low,9,name.com,,,25/08/2026 01:50
992696ba-e3a2-4766-a8bb-62506b8a7e38,pawtucket.fun,premium,250.2,,high,low,9,unstoppable,,,29/09/2026 15:45
8c2100e1-1bbe-4107-8f2d-c48eb22f5532,handicapped.fun,premium,64.89,258.95,medium,low,11,spaceship,,,29/09/2026 03:14
bd433dc9-7785-4105-ae26-abce3c2c3dc2,cloistered.fun,available,2.99,41.99,medium,low,10,namesilo,,,12/08/2026 11:48
2ad61776-b413-4da2-8452-0fa1dc92fa62,commensal.fun,available,3.98,33.48,medium,low,9,namecheap,,,12/08/2026 19:08
fc1bdf07-c224-44b6-9f7d-96feee49fdc1,solvent.fun,premium,640,640,high,low,7,namesilo,,,19/09/2026 16:47
ef2f57a3-a739-4b87-a410-12c71b153e84,amorpha.fun,available,2.99,41.99,medium,low,7,namesilo,,,18/09/2026 22:43
0ad32ad3-4467-4c0c-a52e-7d7b42bee272,iambic.fun,premium,78.12,312.5,medium,low,6,name.com,,,21/08/2026 17:28
04885e0e-9b82-4ee8-aa2b-6c57bf41a387,jungle.fun,premium,3450,3450,high,low,6,namesilo,,,25/09/2026 07:25
c702848a-b7fb-4930-bd79-98aabebda15b,vendue.fun,premium,81.25,325,medium,low,6,namecheap,,,21/09/2026 02:46
449fe61b-9ec3-4336-a522-6aa1e8eabd46,adaxial.fun,available,2.99,41.99,medium,low,7,namesilo,,,
07b19d3e-a8e4-4c75-8f1d-f0219f44027c,xciv.fun,available,3.98,33.48,medium,low,4,namecheap,,,
fa10d134-a770-40da-ab61-703e9720a1e6,neighbour.fun,premium,325,1300,high,low,9,namecheap,,,30/09/2026 05:34
26017922-6d66-43e0-a087-f0dfd789494f,abduction.fun,premium,302.5,302.5,medium,low,9,namesilo,,,16/09/2026 14:51
fc6c4163-ba7f-45ee-99d6-dbf9d4d117c5,overflowing.fun,premium,250.2,,high,low,11,unstoppable,,,01/10/2026 05:59
7afbede0-eeec-410f-afd6-1a6ecd7f4242,stettin.fun,premium,64.89,258.95,medium,low,7,spaceship,,,02/10/2026 20:03
c0ca6539-de12-483c-9aa9-d5b7d23ac1dc,wolfbane.fun,available,2.99,41.99,medium,low,8,namesilo,,,17/09/2026 02:09
fa18fc93-fd62-4033-8ced-16baaef817e4,managers.fun,resell,,,medium,low,8,Xin Net Technology Corporation,03/01/2025 03:05,03/01/2027 23:59,26/09/2026 07:24
3cf449ea-ab6e-466f-a04e-993218d8c92e,trays.fun,available,2.99,41.99,medium,low,5,namesilo,,,02/10/2026 23:02
b24da0b1-d34b-4509-83d3-376b21c9c6ae,retrograde.fun,resell,,,high,low,10,"Chengdu West Dimension Digital Technology Co., Ltd.",16/08/2026 06:54,16/08/2027 06:54,26/09/2026 08:39
b99e380f-549e-4ee7-a64a-2f9c83386e03,awfully.fun,resell,4.99,,medium,low,7,"WEDOS Internet, a.s.",11/03/2026 23:33,11/03/2027 23:59,26/09/2026 04:11
545f577b-2406-4911-bfd7-1e9adf239253,lighted.fun,premium,78.12,312.5,high,low,7,name.com,,,21/08/2026 20:09
7a82afe5-4013-44bf-ae8c-21b6755feec4,skunk.fun,premium,312.5,1250,high,low,5,name.com,,,11/08/2026 09:13
dbda99d6-4fa6-45e5-beef-6a57d8a86ac4,chlorine.fun,available,2.99,41.99,high,low,8,namesilo,,,12/08/2026 09:10
82612403-158a-4570-a904-ab1d83197dff,ebullient.fun,available,2.99,41.99,high,low,9,namesilo,,,14/08/2026 23:20
dafd83ed-ff00-41de-8b5b-e6728fb0eaed,measurable.fun,premium,78.12,312.5,high,low,10,name.com,,,24/08/2026 18:27
f6340821-eb6c-4b92-90b7-da598f7bc723,mustered.fun,available,3,,medium,low,8,unstoppable,,,02/10/2026 23:03
d36af8e2-c479-4126-a3e8-c000a420a8c9,approving.fun,premium,78.12,312.5,medium,low,9,name.com,,,06/08/2026 08:49
22d2c569-171e-4618-846b-f56b047037e6,san.fun,premium,1107,1107,high,low,3,namesilo,,,02/10/2026 17:18
9222cd56-8b04-4cd7-972d-44455c15684b,passbook.fun,premium,302.5,302.5,medium,low,8,namesilo,,,22/09/2026 02:44
d45e508d-a895-410b-bad5-a5dbe5cc924c,uncrowned.fun,available,2.99,41.99,medium,low,9,namesilo,,,13/08/2026 08:36
92334e0e-7fb4-4764-83d1-64267dba9096,ohmic.fun,premium,81.25,325,medium,low,5,namecheap,,,04/09/2026 01:46
9ad58e22-0d42-4a82-9337-f85391b75f03,mazed.fun,premium,78.12,312.5,medium,low,5,name.com,,,07/08/2026 12:07
7ffaf53b-94ff-4149-9a6f-d249bca77fa2,moderne.fun,premium,78.12,312.5,medium,low,7,name.com,,,25/08/2026 03:00
a7a4a415-4084-4e60-80fb-8e462f48a73c,emblematic.fun,premium,78.12,312.5,medium,low,10,name.com,,,16/08/2026 09:29
f700e5b8-e617-4b08-9f27-330edc9f024a,hatched.fun,premium,78.12,312.5,high,low,7,name.com,,,13/08/2026 08:20
713aa2b3-b2e5-4ec7-9cb2-d15331ec1ef9,abreaction.fun,available,3.98,33.48,medium,low,10,namecheap,,,16/09/2026 17:06
bf0465de-5f41-4615-9dbb-5b2e3166c175,disguised.fun,premium,78.12,312.5,medium,low,9,name.com,,,12/08/2026 11:30
f17f9604-c3ca-4a84-b977-d215ff10d81d,attainable.fun,available,2.99,41.99,high,low,10,namesilo,,,19/09/2026 04:15
52f265cf-ede1-47f7-ac82-b0fca22c907b,bataan.fun,available,3.98,33.48,medium,low,6,namecheap,,,22/09/2026 13:10
f2702962-ed41-40f6-a577-658b32f47a13,kenyan.fun,premium,78.12,312.5,high,low,6,name.com,,,22/08/2026 15:34
1015e106-caef-4d55-bcab-d731ecf967ad,grenadian.fun,available,3.98,33.48,high,low,9,namecheap,,,20/08/2026 20:00
a39a90d9-fea5-4bed-8515-cbaf50453ce1,pepys.fun,available,4.99,30.2,medium,low,5,cloudflare,,,30/09/2026 18:18
f6c3ed09-150a-4ec9-925f-8e1bf7076c22,unstained.fun,available,3.98,33.48,medium,low,9,namecheap,,,10/09/2026 18:17
93d4be9c-174c-45d7-a90c-d1cf8fb21bc5,supplied.fun,premium,78.12,,medium,low,8,name.com,,,03/10/2026 00:54
36c0442a-72cf-4058-aab4-0ce217d0ad67,amort.fun,premium,78.12,312.5,medium,low,5,name.com,,,
9ed76e11-bed7-48f6-a5b6-5862d8b5df6e,ricketts.fun,available,3.98,33.48,medium,low,8,namecheap,,,30/09/2026 05:23
3c8ea62d-9545-4a29-9d06-34255802398e,faintly.fun,available,2.99,41.99,medium,low,7,namesilo,,,14/09/2026 17:33
8acb7786-0663-47b2-a82f-fdc3c9674bfa,adjustor.fun,available,2.99,41.99,medium,low,8,namesilo,,,17/09/2026 08:34
55f53b51-34d0-4c79-807b-f159c9086988,blackish.fun,available,2.99,41.99,medium,low,8,namesilo,,,10/08/2026 12:03
f21ac54b-ca9c-4ab0-9f91-e179ffa7508d,skiing.fun,premium,,,high,low,6,,,,28/09/2026 10:57
85ec044f-3c70-4bf4-84db-fdaa196d9fa4,thom.fun,premium,129.58,517.7,medium,low,4,spaceship,,,28/09/2026 04:11
46e1c3c8-0348-4327-ae38-7f9e659c8a8b,manor.fun,premium,812.5,3250,high,low,5,namecheap,,,28/09/2026 19:49
d48d19f9-ab17-476c-ae1b-fb3531644b4d,birth.fun,premium,647.08,2587.7,high,low,5,spaceship,,,29/09/2026 02:50
cf52c0ee-3c29-4076-9f4c-dd754103eb8d,welcomed.fun,available,4.99,30.2,high,low,8,cloudflare,,,29/09/2026 08:42
6bbb0ef7-96da-4ca7-abc5-8c5680a4f3c4,alkaline.fun,premium,302.5,302.5,high,low,8,namesilo,,,22/09/2026 00:14
edd92210-c1c4-4d6a-92ac-26c5050d01db,according.fun,premium,78.12,312.5,high,low,9,name.com,,,
d827f486-6dd0-4d6b-8b79-e66cb9eab507,analyse.fun,resell,,,high,low,7,,,,02/10/2026 16:51
6e7a23b6-35de-4134-a132-d0d9a4524bf2,faddy.fun,available,2.99,41.99,medium,low,5,namesilo,,,17/08/2026 20:35
a0d1f5eb-b0cf-4a26-9c32-621f07ac987a,exclusion.fun,premium,,,high,low,9,,,,30/09/2026 17:15
a8a1c70f-d8d3-4174-95c2-d280d140e1a1,crossbow.fun,premium,500.2,,high,low,8,unstoppable,,,02/10/2026 14:48
bf2729f4-1465-4044-9e50-2993a72c2551,snowman.fun,premium,129.58,517.7,high,low,7,spaceship,,,02/10/2026 06:27
098afd23-15fa-4c90-a371-1d55a152e3dc,unmistakable.fun,premium,64.89,258.95,high,low,12,spaceship,,,02/10/2026 18:12
9b8acd6c-4faa-499a-ac8d-d029cc14c122,softback.fun,available,2.99,41.99,medium,low,8,namesilo,,,05/09/2026 01:13
035c1e0d-eb1c-4a03-9fc4-6eab7ace3548,bontemps.fun,premium,302.5,302.5,high,low,8,namesilo,,,20/09/2026 08:07
1d0fbe89-6fbd-4e14-b41a-9f228a424543,camail.fun,premium,302.5,302.5,medium,low,6,namesilo,,,21/09/2026 09:01
62ae7acb-e607-4fa8-a307-c9081fa927b1,saute.fun,premium,81.25,325,high,low,5,namecheap,,,09/09/2026 22:00
ae2da8f6-f965-40d3-a077-04ecd89cee78,washable.fun,available,2.99,41.99,high,low,8,namesilo,,,13/09/2026 08:29
44c350f2-c787-4ea4-ac35-ab4a1e0e682c,wrinkle.fun,premium,78.12,312.5,medium,low,7,name.com,,,13/08/2026 07:11
cc1c36e7-cc90-4913-91af-b945b7256d03,gauze.fun,premium,302.5,302.5,high,low,5,namesilo,,,02/10/2026 05:01
9d3c5664-5a32-4ce6-a8d0-b99a99e29d4b,edie.fun,premium,64.89,258.95,medium,low,4,spaceship,,,30/09/2026 22:02
4eee1e8e-8be6-4d10-82c8-6eb0ce20088e,atherton.fun,premium,302.5,302.5,medium,low,8,namesilo,,,28/09/2026 09:10
46609362-6ed8-4770-a058-93b1f1320cf8,courthouse.fun,premium,302.5,302.5,medium,low,10,namesilo,,,28/09/2026 09:28
a6a4f8dc-7412-4ff3-a74e-5ebd77581a6f,inspires.fun,premium,302.5,302.5,high,low,8,namesilo,,,02/10/2026 22:39
908431ac-b586-4314-8f84-468a129cbe43,bouncy.fun,premium,1107,1107,high,low,6,namesilo,,,23/09/2026 01:24
2f514eb9-5f2e-47a7-a185-0677bba2122f,pensacola.fun,premium,640,640,high,low,9,namesilo,,,25/09/2026 23:59
0f98865e-752e-46de-bfcc-fc716c634b37,jugular.fun,premium,78.12,312.5,medium,low,7,name.com,,,22/08/2026 14:16
eef151c5-e385-4e01-b706-c75dd5bf3ade,spinning.fun,premium,1107,1107,high,low,8,namesilo,,,27/09/2026 05:29
125927e3-8170-4bad-a243-44fcad8855cb,azoic.fun,available,2.99,41.99,medium,low,5,namesilo,,,08/08/2026 02:22
bf18f23a-f28a-4f08-958f-39ff948490f9,spontaneity.fun,premium,64.89,258.95,high,low,11,spaceship,,,02/10/2026 18:36
fd7b08ed-6ffc-40b5-b7b5-700c64f0a093,gender.fun,premium,1293.95,5175.2,high,low,6,spaceship,,,28/09/2026 14:16
3537ac88-98b6-4915-ac52-b05d8ffe709b,dowdy.fun,premium,78.12,312.5,medium,low,5,name.com,,,14/08/2026 17:09
2b6404a5-6cb9-4f23-87e6-f3a9e9adc75e,adjunct.fun,premium,78.12,312.5,high,low,7,name.com,,,
b46ef363-e06a-487b-9e4c-bd53ed718379,tori.fun,premium,68.75,275,medium,low,4,dynadot,,,02/10/2026 20:03
3a9af9f2-1b1b-4cb8-899b-d44cb1cb3513,ambled.fun,available,3.98,33.48,medium,low,6,namecheap,,,20/09/2026 05:58
589bbdbe-359f-4318-8da4-3b872b64a3be,nuptial.fun,premium,78.12,312.5,high,low,7,name.com,,,11/08/2026 03:55
960f1f19-a3fa-465d-8957-d1096bc2f81e,umpteenth.fun,available,2.99,41.99,medium,low,9,namesilo,,,11/09/2026 23:09
e47ab5d6-ea54-4d87-a845-470798eb269f,secretive.fun,premium,78.12,312.5,medium,low,9,name.com,,,12/08/2026 12:18
e941108e-96cf-45b5-ba95-7bfd6a98a567,biogenesis.fun,premium,78.12,312.5,high,low,10,name.com,,,23/09/2026 18:02
e81c9c60-f539-41ac-9f0f-81c7a769b1ec,aeneid.fun,premium,302.5,302.5,medium,low,6,namesilo,,,17/09/2026 12:28
63e91a41-b8ed-4045-b2ab-535b0358029f,disarmer.fun,available,2.99,41.99,medium,low,8,namesilo,,,04/09/2026 22:39
6d42e60f-871f-4d1a-b15a-708769f772b6,certify.fun,premium,781.25,3125,high,low,7,name.com,,,24/08/2026 15:04
e5b3ac25-b5ac-4972-882f-d038ab63f927,pacemaker.fun,premium,302.5,302.5,high,low,9,namesilo,,,20/09/2026 11:42
b6f892e3-cf19-45ab-bece-46130b608423,prevent.fun,premium,2500.2,,high,low,7,unstoppable,,,30/09/2026 19:55
ee5636f5-94ba-417c-abba-1b65d510686f,depress.fun,premium,78.12,,high,low,7,name.com,,,29/09/2026 15:56
67419b78-bcee-4f5f-86f3-89b4a6b6ee60,barometer.fun,premium,81.25,325,high,low,9,namecheap,,,22/09/2026 07:00
300a7b66-8996-49c1-b823-fba36c46ec32,lowland.fun,premium,78.12,312.5,high,low,7,name.com,,,24/08/2026 10:48
195a4dba-e72e-4573-8ddc-ff72b77e9a7f,freddie.fun,premium,3450,3450,high,low,7,namesilo,,,26/09/2026 03:15
4dd0feaa-de9e-412d-ab71-85c04ae1f7be,dara.fun,premium,,,high,low,4,,,,01/10/2026 01:04
79eb4343-7cd4-4528-bb10-77f821845d20,collagen.fun,premium,640,640,high,low,8,namesilo,,,02/10/2026 14:42
c8f1b4c0-797a-4406-9364-a05465682380,colonial.fun,premium,156.25,625,high,low,8,name.com,,,12/08/2026 17:20
a70aa894-b45b-400f-bf16-a8a1db8e3cac,sardinia.fun,premium,302.5,302.5,high,low,8,namesilo,,,03/10/2026 02:01
2c18bebe-ed25-4b34-9291-1f7def26704f,soap.fun,premium,647.08,2587.7,high,low,4,spaceship,,,29/09/2026 17:31
497dc206-ea74-48c7-b73a-c93f0713e28f,saratoga.fun,resell,,,high,low,8,"Chengdu West Dimension Digital Technology Co., Ltd.",13/05/2026 07:06,13/05/2027 07:06,26/09/2026 08:49
6864e080-f6f1-472f-a957-9f62b03d329b,days.fun,premium,6900,6900,high,low,4,namesilo,,,29/09/2026 13:20
71e67797-de3f-42ac-acaa-5d16ae3e3545,adr.fun,premium,250.2,,high,low,3,unstoppable,,,30/09/2026 03:40
14affb6f-572f-443c-a4fd-feb3b8583590,disadvantaged.fun,available,3.98,33.48,medium,low,13,namecheap,,,01/10/2026 06:23
5eadc06c-6e95-4ed1-a6f6-61a046514674,johor.fun,premium,136.98,546.35,medium,low,5,porkbun,,,02/10/2026 08:19
097a1110-2c78-47d7-b3dc-c707bcf7760e,uncensored.fun,premium,812.5,3250,high,low,10,namecheap,,,12/09/2026 04:53
1e3dbbaf-7be2-4c19-b2d1-51ae8f602f96,ashland.fun,premium,81.25,325,high,low,7,namecheap,,,27/09/2026 08:14
726c3288-a210-4f50-9cac-9f71b6feec07,goh.fun,premium,64.89,258.95,high,low,3,spaceship,,,02/10/2026 18:56
e5cd8b32-d693-4edc-a02c-b2dfee853c7e,sighted.fun,premium,68.75,275,high,low,7,dynadot,,,27/09/2026 21:56
0f6b11b7-8326-4991-a4a3-967832d62646,waxed.fun,premium,81.25,325,high,low,5,namecheap,,,13/09/2026 08:40
ad6bbd35-98aa-4849-bf65-843da164a2be,bouncing.fun,premium,3450,3450,high,low,8,namesilo,,,23/09/2026 01:19
872813d1-634f-41e7-b291-407291e265eb,english.fun,premium,6900,6900,high,low,7,namesilo,,,24/09/2026 14:01
822fa3a6-8109-4977-81df-8fbf093e923d,routledge.fun,available,4.99,30.2,medium,low,9,cloudflare,,,28/09/2026 16:54
e5fd2d83-dca3-47f3-bee0-877a818ac7ef,hardin.fun,premium,,,medium,low,6,,,,28/09/2026 04:15
b5de2d33-8bbe-416a-b295-58ba5a1ba3fe,pokey.fun,premium,78.12,312.5,medium,low,5,name.com,,,14/08/2026 07:36
6e66a922-8bfa-4e86-aaa9-5e7ac6d0b378,girdle.fun,premium,302.5,302.5,high,low,6,namesilo,,,24/09/2026 15:02
8e7731e9-5f25-4a2c-8bd3-cfa29678133f,munich.fun,premium,275,1100,high,low,6,dynadot,,,30/09/2026 05:22
954d4ef1-2f6b-4c72-8546-5637a691e2c7,bismark.fun,premium,302.5,302.5,medium,low,7,namesilo,,,23/09/2026 09:37
3d9d3aaf-09b4-4fbb-9de1-ca9c45722bb2,lenticular.fun,premium,78.12,312.5,high,low,10,name.com,,,09/08/2026 19:26
c6d623f4-9e19-43f6-bfd4-ba4aa40f25eb,these.fun,premium,250.2,,medium,low,5,unstoppable,,,01/10/2026 01:31
5d5a215f-23a4-42d8-88ea-c2dddd1835e6,kidnap.fun,premium,81.25,325,medium,low,6,namecheap,,,28/09/2026 20:48
846be111-d3cd-4d54-8329-1ac549547ba2,preachers.fun,available,1.73,31.25,medium,low,9,spaceship,,,02/10/2026 22:52
3d6791cd-1476-4a71-a351-d74d30688b41,alarmingly.fun,available,2.99,41.99,low,low,10,namesilo,,,13/09/2026 18:33
21440ad9-d8bc-40a1-926a-54c0716c3a9a,healthy.fun,premium,3450,3450,high,low,7,namesilo,,,01/10/2026 22:45
49bd63ba-6fce-442d-b670-1cae14533ac2,tobago.fun,premium,302.5,302.5,high,low,6,namesilo,,,27/09/2026 05:45
fb2d648d-15c3-41fe-a9c9-5ced36fb9d47,callahan.fun,premium,64.89,258.95,medium,low,8,spaceship,,,28/09/2026 08:05
12ebd617-52b3-4f5c-9e58-f9f07706ab24,wading.fun,available,3.98,33.48,medium,low,6,namecheap,,,03/10/2026 02:21
af46b23e-f912-493f-896c-30b27174825a,poisons.fun,premium,302.5,302.5,low,low,7,namesilo,,,02/10/2026 03:39
f50cadfc-3b04-4a33-b1d0-81803acedb20,basal.fun,premium,78.12,312.5,medium,low,5,name.com,,,08/08/2026 21:24
5a37e505-0f1f-4d15-a99d-0a7b8ceaa6df,urban.fun,premium,3450,3450,high,low,5,namesilo,,,28/09/2026 10:00
97b42699-22c9-46fa-b842-7fdf1ce63ec7,handy.fun,premium,312.5,1250,high,low,5,name.com,,,20/08/2026 23:39
5c63b949-1be2-455e-9bd6-1b71e94a3b80,patents.fun,premium,640,640,medium,low,7,namesilo,,,01/10/2026 00:20
8be9ec7e-7fc6-44d3-b58c-26cd05c8000b,niebuhr.fun,available,2.99,41.99,medium,low,7,namesilo,,,22/09/2026 09:08
7f2f6e94-0e5a-4b9c-8a11-6167f0fb58b4,heliacal.fun,available,2.99,41.99,medium,low,8,namesilo,,,21/08/2026 06:23
741a22bd-759f-4dbf-98fd-912779992338,wallachia.fun,premium,64.89,258.95,medium,low,9,spaceship,,,01/10/2026 23:44
c7fed97a-a7b8-4cc6-8734-92cb26b3c63a,asama.fun,premium,302.5,302.5,medium,low,5,namesilo,,,20/09/2026 12:47
92ae3e03-d1f0-4834-b7be-2c877895619d,outboard.fun,premium,81.25,325,high,low,8,namecheap,,,04/09/2026 18:55
f3746937-05c3-49ff-9ace-2b82dbeabdbd,loire.fun,premium,,,medium,low,5,,,,28/09/2026 14:48
68da1c82-4408-4ef1-aaf9-b115a84d55be,scurrilous.fun,available,2.99,41.99,medium,low,10,namesilo,,,
57e98695-85fa-4e90-a9c5-70e468d1b314,fatally.fun,available,3.98,33.48,medium,low,7,namecheap,,,14/09/2026 17:51
1f342b53-9fc1-40eb-b96c-ec076322ee93,rash.fun,premium,78.12,312.5,medium,low,4,name.com,,,18/08/2026 10:31
bb8e1126-5b15-424e-8daa-38132618af0e,emporium.fun,resell,,,high,low,8,Automattic Inc.,01/05/2024 01:39,01/05/2027 23:59,03/10/2026 05:42
0518401d-53a9-4324-9265-711d827a1cd9,lao.fun,premium,156.25,625,high,low,3,name.com,,,22/08/2026 19:34
c30d2eb2-7184-4e2f-839f-d8644a7ad19d,abator.fun,premium,81.25,325,medium,low,6,namecheap,,,16/09/2026 14:13
640711c5-a4de-491b-b85c-d80dc9f4f819,muntjac.fun,premium,302.5,302.5,medium,low,7,namesilo,,,22/09/2026 06:28
95d5fc7b-b571-4304-bf7c-7793a046601a,bev.fun,premium,302.5,302.5,high,low,3,namesilo,,,30/09/2026 12:21
41c9a79c-c2b8-44e5-b2be-5bf8f369adf3,paternal.fun,premium,78.12,312.5,high,low,8,name.com,,,
5935b89c-f236-424e-a17a-a76236d09674,shunning.fun,premium,302.5,302.5,medium,low,8,namesilo,,,21/09/2026 09:50
20853808-01ad-490c-b520-9f6fb3f3dae9,weinberg.fun,premium,302.5,302.5,medium,low,8,namesilo,,,28/09/2026 10:58
206c3b73-e1aa-446d-b9f9-19f1a70b59ec,exogenic.fun,available,2.99,41.99,medium,low,8,namesilo,,,17/08/2026 17:34
4e6d342b-f281-4d68-939b-0db021c43411,grooming.fun,premium,640,640,high,low,8,namesilo,,,02/10/2026 05:08
7f034023-a6ce-4780-b152-a5ed21c91223,zamora.fun,premium,64.89,258.95,high,low,6,spaceship,,,29/09/2026 15:40
1b3c8554-2499-4dc2-88a7-2b2ecec9f216,bloomsbury.fun,premium,250.2,,medium,low,10,unstoppable,,,29/09/2026 18:00
c0333aa4-dbec-4151-83b9-0e2d61397667,gaur.fun,premium,302.5,302.5,medium,low,4,namesilo,,,23/09/2026 13:04
9eae2a6b-0d09-4632-9305-1618b231dcce,abvolt.fun,premium,81.25,325,medium,low,6,namecheap,,,16/09/2026 19:39
09a26d7a-380e-4e57-90ec-0455faf70ecc,jamming.fun,premium,81.25,325,high,low,7,namecheap,,,01/10/2026 19:23
49b0989f-e2d7-4a0e-95c3-54b5f477d032,aman.fun,premium,500.2,,high,low,4,unstoppable,,,30/09/2026 20:31
74687ffa-1fa7-41e5-8ace-389c5ec214f9,vernacular.fun,premium,81.25,325,high,low,10,namecheap,,,13/09/2026 04:07
1dff5f9b-24ae-49d9-aa3d-97d9a1063542,demosthenes.fun,premium,302.5,302.5,medium,low,11,namesilo,,,01/10/2026 09:49
d7d0ea03-3f41-44fe-9ccf-888ca0e4363b,adana.fun,premium,302.5,302.5,medium,low,5,namesilo,,,17/09/2026 06:19
a9401eb5-1ede-4b2c-afff-a6c7d56d4eda,scaring.fun,premium,302.5,302.5,low,low,7,namesilo,,,02/10/2026 03:46
6c8e6a5f-4357-45e7-9987-2b319071e3d6,alienism.fun,available,2.99,41.99,medium,low,8,namesilo,,,18/09/2026 07:34
edabb51a-fc97-46f5-bfeb-7a9f715a3424,semihard.fun,available,2.99,41.99,medium,low,8,namesilo,,,10/09/2026 03:04
09b3c4f8-be2a-40b9-8497-b9f1e58fb51a,loquacious.fun,available,2.99,41.99,medium,low,10,namesilo,,,12/08/2026 03:22
caa40833-9f57-4165-836d-7811cc245005,husbandry.fun,premium,78.12,312.5,high,low,9,name.com,,,17/08/2026 22:35
0f60edf4-4079-47a0-b03e-3354e4445ae7,getting.fun,premium,5000.2,,high,low,7,unstoppable,,,28/09/2026 17:59
5e8ff4ca-9c39-4d8c-ae70-b8757df8bd70,uncaused.fun,available,2.99,41.99,medium,low,8,namesilo,,,18/08/2026 12:45
287397ab-1189-4988-b198-baebdc437f49,bollywood.fun,premium,682.81,2729.67,high,low,9,porkbun,,,30/09/2026 08:37
9d4f6a8e-6d79-45dc-9240-3fabb654a92d,drifting.fun,premium,312.5,1250,high,low,8,name.com,,,14/08/2026 19:13
2f6d9d62-47e1-4fc9-b9e6-8cd25a34dae3,stations.fun,premium,68.75,275,high,low,8,dynadot,,,30/09/2026 11:51
afa6a3c1-d0ad-4f5a-b915-48a5bcbbe39e,medal.fun,premium,2500.2,,high,low,5,unstoppable,,,30/09/2026 02:12
38be6cf8-0cf5-4635-88ab-f2c5dab8d4ef,tailless.fun,available,2.99,41.99,medium,low,8,namesilo,,,05/08/2026 21:33
3c89f994-4d6b-4be6-95e0-8dd7696c7b84,quarto.fun,premium,302.5,302.5,medium,low,6,namesilo,,,16/09/2026 12:37
57f73a57-1e42-4d7d-9586-5a0ab65bbcba,kira.fun,premium,302.5,302.5,high,low,4,namesilo,,,01/10/2026 06:42
c2577aba-6589-4262-b9b6-fa376c0d81e2,dam.fun,premium,258.95,1035.2,high,low,3,spaceship,,,29/09/2026 00:35
ea12f63c-1523-4656-9b10-a1d60a6579aa,contrived.fun,premium,78.12,312.5,medium,low,9,name.com,,,12/08/2026 23:42
d207ab3b-b436-4fdd-a094-169996644076,sarasota.fun,premium,129.58,517.7,medium,low,8,spaceship,,,28/09/2026 20:23
12999abf-328b-414d-af69-0fdadf08120d,townsite.fun,available,1.73,31.25,high,low,8,spaceship,,,30/09/2026 12:32
c74237e9-79d6-4208-8bc5-012dcf93cdb7,outwear.fun,premium,78.12,312.5,medium,low,7,name.com,,,13/09/2026 09:15
5c16569d-4ca5-4784-acf9-4fbbca4b7a4d,moravia.fun,premium,250.2,,medium,low,7,unstoppable,,,28/09/2026 19:54
cc28959f-735e-466e-83ab-458761488910,wrote.fun,premium,81.25,325,medium,low,5,namecheap,,,02/10/2026 15:01
550314fc-220e-46d1-8245-4f3f71c6aa5e,clocks.fun,premium,3450,3450,high,low,6,namesilo,,,18/09/2026 06:14
0f16a522-e04f-4437-91ce-7f58e05401e2,beograd.fun,premium,302.5,302.5,high,low,7,namesilo,,,23/09/2026 05:12
f731051a-b2bf-4ea1-8ed8-857cceab7392,initiation.fun,premium,64.89,258.95,high,low,10,spaceship,,,29/09/2026 12:23
54a64595-8195-4a68-92df-9f6b376dfcaa,joy.fun,resell,,,high,medium,3,"Spaceship, Inc.",11/03/2026 02:44,11/03/2027 23:59,30/09/2026 00:59
0e66ccc3-7814-476e-8d17-f65f59b9c0f7,bloodshot.fun,premium,78.12,312.5,medium,low,9,name.com,,,10/08/2026 15:21
6c1ab945-86f1-40e3-88c4-800a3a6e5ffd,log.fun,resell,,,high,medium,3,"DNSPod, Inc.",29/06/2018 10:51,29/06/2027 23:59,30/09/2026 03:09
b0f60670-025d-42b6-932c-b5fdb186ef5c,spread.fun,resell,,,high,low,6,"Chengdu West Dimension Digital Technology Co., Ltd.",02/05/2024 02:21,02/05/2027 23:59,28/09/2026 08:38
4d1568fb-ba39-4ed7-903a-8216a3ccbebe,flummox.fun,premium,78.12,312.5,medium,low,7,name.com,,,21/09/2026 17:31
04f8fabb-3dea-4a71-9c13-d4a78c3de973,critic.fun,premium,273.44,1092.18,high,low,6,porkbun,,,29/09/2026 12:01
e601effc-59a1-4012-b302-491c3eddec29,orlando.fun,premium,3450,3450,high,low,7,namesilo,,,25/09/2026 09:39
1c98aad4-713f-44d7-8147-6ae1c4991dd5,abridged.fun,available,2.99,41.99,medium,low,8,namesilo,,,
64a49a0e-b969-40e4-9188-67d4c19c8ef2,unpopular.fun,premium,81.25,325,medium,low,9,namecheap,,,12/09/2026 17:11
26184e4e-9438-4a03-8cf2-684c0912eeae,unsure.fun,premium,78.12,312.5,medium,low,6,name.com,,,22/08/2026 01:08
983c33b2-b6fc-4270-bac9-3504e5dc525c,delirium.fun,resell,,,high,low,8,"Chengdu West Dimension Digital Technology Co., Ltd.",16/08/2026 06:50,16/08/2027 06:50,26/09/2026 05:29
e92adf28-2d99-4ffc-879d-b353dd73317b,threaten.fun,available,3.98,33.48,high,low,8,namecheap,,,27/09/2026 04:46
53932613-2041-4ff4-96f7-f02cb3466157,celestial.fun,resell,,,high,low,9,Automattic Inc.,31/01/2024 15:14,31/01/2027 23:59,26/09/2026 04:49
8f460e3d-9fb7-444a-bf6c-c960114c2962,hardest.fun,resell,,,low,low,7,,,,28/09/2026 12:52
a5cdbace-f9d4-49e5-b639-1bb2a68c5e39,faa.fun,premium,302.5,302.5,high,low,3,namesilo,,,25/09/2026 05:50
dfe7e302-4306-41bb-977f-b8ed621431b9,assail.fun,available,2.99,41.99,medium,low,6,namesilo,,,20/09/2026 15:49
f6b752f2-7f5c-4569-b6b5-53ef905223a2,diaphragm.fun,premium,302.5,302.5,high,low,9,namesilo,,,30/09/2026 09:15
5ed97237-058c-4878-b908-d11aa31e6ae7,contact.fun,premium,812.5,3250,high,medium,7,namecheap,,,28/09/2026 01:41
b6ffd070-92d0-4a7b-8fb1-dec6d8eddd93,spotlessly.fun,premium,302.5,302.5,medium,low,10,namesilo,,,16/09/2026 06:37
cf43f856-f35e-4c51-9bcf-2c527fb41e88,chemical.fun,premium,812.5,3250,high,low,8,namecheap,,,08/09/2026 15:30
a9c34e4a-d8e2-4e0c-92b3-c95a1b709efb,unrecorded.fun,premium,78.12,312.5,medium,low,10,name.com,,,24/08/2026 07:46
4a34995f-7e4b-4f4d-9860-bcdbc3cd2122,wcw.fun,premium,64.89,258.95,medium,low,3,spaceship,,,02/10/2026 10:50
28f83d7e-bc15-4782-b547-57a1073b64db,dias.fun,premium,1107,1107,high,low,4,namesilo,,,22/09/2026 09:17
bc1a771a-885c-4a0e-9665-39b47e577974,centres.fun,premium,81.25,325,medium,low,7,namecheap,,,20/09/2026 08:17
7214938e-905b-4663-9d7e-558a7fde97f5,dreamy.fun,premium,312.5,1250,high,low,6,name.com,,,14/08/2026 18:48
05843d25-e237-4cbd-9567-a7c75997f570,anatomical.fun,available,2.99,41.99,medium,low,10,namesilo,,,
53a59dc0-ebf5-4aae-80d2-1aeeeb8605e7,python.fun,premium,258.95,1035.2,high,low,6,spaceship,,,29/09/2026 13:44
dae48dc7-95c9-4ab5-a72e-b361516b8ce3,taxi.fun,premium,3450,3450,high,low,4,namesilo,,,24/09/2026 11:29
50d4603f-0087-4aae-b79f-5030c6ee5c46,eps.fun,premium,162.5,650,high,low,3,namecheap,,,27/09/2026 19:02
7d884485-a3b5-4d59-996f-309fbd1dc233,catenulate.fun,available,3.98,33.48,medium,low,10,namecheap,,,11/08/2026 21:32
33faf9f0-26f4-43f9-a60d-c417fe9d9e3c,youngish.fun,available,2.99,41.99,high,low,8,namesilo,,,13/09/2026 14:49